scenario,case,case_label,year,inv_bn,depreciation_bn,opening_rab_bn,closing_rab_bn,wacc_times_rab_bn,opex_bn,total_cost_bn,demand_twh,system_avg_ct_per_kwh,system_avg_eur_per_mwh,system_avg_eur_per_kwh
Build,A_demand_scaled,Case A — Excel method: Inv × (end-use_s / end-use_Build),2023,15.0000,5.5800,186.0000,195.4200,9.3744,15.0000,29.9544,510.0000,5.8734,58.7341,0.0587
Build,A_demand_scaled,Case A — Excel method: Inv × (end-use_s / end-use_Build),2024,18.0000,5.8626,195.4200,207.5574,9.8492,15.5500,31.2618,520.0000,6.0119,60.1188,0.0601
Build,A_demand_scaled,Case A — Excel method: Inv × (end-use_s / end-use_Build),2025,18.0000,6.2267,207.5574,219.3307,10.4609,16.0900,32.7776,530.0000,6.1845,61.8446,0.0618
Build,A_demand_scaled,Case A — Excel method: Inv × (end-use_s / end-use_Build),2026,23.0000,6.5799,219.3307,235.7508,11.0543,16.6400,34.2742,554.0693,6.1859,61.8590,0.0619
Build,A_demand_scaled,Case A — Excel method: Inv × (end-use_s / end-use_Build),2027,23.0000,7.0725,235.7508,251.6782,11.8818,17.1800,36.1344,578.1386,6.2501,62.5012,0.0625
Build,A_demand_scaled,Case A — Excel method: Inv × (end-use_s / end-use_Build),2028,30.0000,7.5503,251.6782,274.1279,12.6846,17.7300,37.9649,602.2079,6.3043,63.0429,0.0630
Build,A_demand_scaled,Case A — Excel method: Inv × (end-use_s / end-use_Build),2029,30.0000,8.2238,274.1279,295.9041,15.0770,18.2700,41.5709,626.2772,6.6378,66.3777,0.0664
Build,A_demand_scaled,Case A — Excel method: Inv × (end-use_s / end-use_Build),2030,34.0000,8.8771,295.9041,321.0269,16.2747,18.8200,43.9718,650.3465,6.7613,67.6129,0.0676
Build,A_demand_scaled,Case A — Excel method: Inv × (end-use_s / end-use_Build),2031,34.0000,9.6308,321.0269,345.3961,17.6565,19.3600,46.6473,680.2868,6.8570,68.5700,0.0686
Build,A_demand_scaled,Case A — Excel method: Inv × (end-use_s / end-use_Build),2032,34.0000,10.3619,345.3961,369.0342,18.9968,19.9100,49.2687,710.2271,6.9370,69.3703,0.0694
Build,A_demand_scaled,Case A — Excel method: Inv × (end-use_s / end-use_Build),2033,34.0000,11.0710,369.0342,391.9632,20.2969,20.4500,51.8179,740.1674,7.0008,70.0084,0.0700
Build,A_demand_scaled,Case A — Excel method: Inv × (end-use_s / end-use_Build),2034,34.0000,11.7589,391.9632,414.2043,21.5580,21.0000,54.3169,770.1077,7.0532,70.5315,0.0705
Build,A_demand_scaled,Case A — Excel method: Inv × (end-use_s / end-use_Build),2035,34.0000,12.4261,414.2043,435.7782,22.7812,21.5500,56.7574,800.0479,7.0942,70.9425,0.0709
Build,A_demand_scaled,Case A — Excel method: Inv × (end-use_s / end-use_Build),2036,34.0000,13.0733,435.7782,456.7048,23.9678,22.0900,59.1311,829.9882,7.1243,71.2434,0.0712
Build,A_demand_scaled,Case A — Excel method: Inv × (end-use_s / end-use_Build),2037,34.0000,13.7011,456.7048,477.0037,25.1188,22.6400,61.4599,859.9285,7.1471,71.4710,0.0715
Build,A_demand_scaled,Case A — Excel method: Inv × (end-use_s / end-use_Build),2038,24.0000,14.3101,477.0037,486.6936,26.2352,23.1800,63.7253,889.8688,7.1612,71.6120,0.0716
Build,A_demand_scaled,Case A — Excel method: Inv × (end-use_s / end-use_Build),2039,24.0000,14.6008,486.6936,496.0928,26.7681,23.7300,65.0990,919.8091,7.0774,70.7744,0.0708
Build,A_demand_scaled,Case A — Excel method: Inv × (end-use_s / end-use_Build),2040,24.0000,14.8828,496.0928,505.2100,27.2851,24.2700,66.4379,949.7493,6.9953,69.9531,0.0700
Build,B_denominator_only,Case B — Excel B investment unchanged; PyPSA end-use denominator only,2023,15.0000,5.5800,186.0000,195.4200,9.3744,15.0000,29.9544,510.0000,5.8734,58.7341,0.0587
Build,B_denominator_only,Case B — Excel B investment unchanged; PyPSA end-use denominator only,2024,18.0000,5.8626,195.4200,207.5574,9.8492,15.5500,31.2618,520.0000,6.0119,60.1188,0.0601
Build,B_denominator_only,Case B — Excel B investment unchanged; PyPSA end-use denominator only,2025,18.0000,6.2267,207.5574,219.3307,10.4609,16.0900,32.7776,530.0000,6.1845,61.8446,0.0618
Build,B_denominator_only,Case B — Excel B investment unchanged; PyPSA end-use denominator only,2026,23.0000,6.5799,219.3307,235.7508,11.0543,16.6400,34.2742,554.0693,6.1859,61.8590,0.0619
Build,B_denominator_only,Case B — Excel B investment unchanged; PyPSA end-use denominator only,2027,23.0000,7.0725,235.7508,251.6782,11.8818,17.1800,36.1344,578.1386,6.2501,62.5012,0.0625
Build,B_denominator_only,Case B — Excel B investment unchanged; PyPSA end-use denominator only,2028,30.0000,7.5503,251.6782,274.1279,12.6846,17.7300,37.9649,602.2079,6.3043,63.0429,0.0630
Build,B_denominator_only,Case B — Excel B investment unchanged; PyPSA end-use denominator only,2029,30.0000,8.2238,274.1279,295.9041,15.0770,18.2700,41.5709,626.2772,6.6378,66.3777,0.0664
Build,B_denominator_only,Case B — Excel B investment unchanged; PyPSA end-use denominator only,2030,34.0000,8.8771,295.9041,321.0269,16.2747,18.8200,43.9718,650.3465,6.7613,67.6129,0.0676
Build,B_denominator_only,Case B — Excel B investment unchanged; PyPSA end-use denominator only,2031,34.0000,9.6308,321.0269,345.3961,17.6565,19.3600,46.6473,680.2868,6.8570,68.5700,0.0686
Build,B_denominator_only,Case B — Excel B investment unchanged; PyPSA end-use denominator only,2032,34.0000,10.3619,345.3961,369.0342,18.9968,19.9100,49.2687,710.2271,6.9370,69.3703,0.0694
Build,B_denominator_only,Case B — Excel B investment unchanged; PyPSA end-use denominator only,2033,34.0000,11.0710,369.0342,391.9632,20.2969,20.4500,51.8179,740.1674,7.0008,70.0084,0.0700
Build,B_denominator_only,Case B — Excel B investment unchanged; PyPSA end-use denominator only,2034,34.0000,11.7589,391.9632,414.2043,21.5580,21.0000,54.3169,770.1077,7.0532,70.5315,0.0705
Build,B_denominator_only,Case B — Excel B investment unchanged; PyPSA end-use denominator only,2035,34.0000,12.4261,414.2043,435.7782,22.7812,21.5500,56.7574,800.0479,7.0942,70.9425,0.0709
Build,B_denominator_only,Case B — Excel B investment unchanged; PyPSA end-use denominator only,2036,34.0000,13.0733,435.7782,456.7048,23.9678,22.0900,59.1311,829.9882,7.1243,71.2434,0.0712
Build,B_denominator_only,Case B — Excel B investment unchanged; PyPSA end-use denominator only,2037,34.0000,13.7011,456.7048,477.0037,25.1188,22.6400,61.4599,859.9285,7.1471,71.4710,0.0715
Build,B_denominator_only,Case B — Excel B investment unchanged; PyPSA end-use denominator only,2038,24.0000,14.3101,477.0037,486.6936,26.2352,23.1800,63.7253,889.8688,7.1612,71.6120,0.0716
Build,B_denominator_only,Case B — Excel B investment unchanged; PyPSA end-use denominator only,2039,24.0000,14.6008,486.6936,496.0928,26.7681,23.7300,65.0990,919.8091,7.0774,70.7744,0.0708
Build,B_denominator_only,Case B — Excel B investment unchanged; PyPSA end-use denominator only,2040,24.0000,14.8828,496.0928,505.2100,27.2851,24.2700,66.4379,949.7493,6.9953,69.9531,0.0700
Build,C_dso_capacity_all_inv,Case C — all Inv_base × (German DSO stock_s / stock_Build),2023,15.0000,5.5800,186.0000,195.4200,9.3744,15.0000,29.9544,510.0000,5.8734,58.7341,0.0587
Build,C_dso_capacity_all_inv,Case C — all Inv_base × (German DSO stock_s / stock_Build),2024,18.0000,5.8626,195.4200,207.5574,9.8492,15.5500,31.2618,520.0000,6.0119,60.1188,0.0601
Build,C_dso_capacity_all_inv,Case C — all Inv_base × (German DSO stock_s / stock_Build),2025,18.0000,6.2267,207.5574,219.3307,10.4609,16.0900,32.7776,530.0000,6.1845,61.8446,0.0618
Build,C_dso_capacity_all_inv,Case C — all Inv_base × (German DSO stock_s / stock_Build),2026,23.0000,6.5799,219.3307,235.7508,11.0543,16.6400,34.2742,554.0693,6.1859,61.8590,0.0619
Build,C_dso_capacity_all_inv,Case C — all Inv_base × (German DSO stock_s / stock_Build),2027,23.0000,7.0725,235.7508,251.6782,11.8818,17.1800,36.1344,578.1386,6.2501,62.5012,0.0625
Build,C_dso_capacity_all_inv,Case C — all Inv_base × (German DSO stock_s / stock_Build),2028,30.0000,7.5503,251.6782,274.1279,12.6846,17.7300,37.9649,602.2079,6.3043,63.0429,0.0630
Build,C_dso_capacity_all_inv,Case C — all Inv_base × (German DSO stock_s / stock_Build),2029,30.0000,8.2238,274.1279,295.9041,15.0770,18.2700,41.5709,626.2772,6.6378,66.3777,0.0664
Build,C_dso_capacity_all_inv,Case C — all Inv_base × (German DSO stock_s / stock_Build),2030,34.0000,8.8771,295.9041,321.0269,16.2747,18.8200,43.9718,650.3465,6.7613,67.6129,0.0676
Build,C_dso_capacity_all_inv,Case C — all Inv_base × (German DSO stock_s / stock_Build),2031,34.0000,9.6308,321.0269,345.3961,17.6565,19.3600,46.6473,680.2868,6.8570,68.5700,0.0686
Build,C_dso_capacity_all_inv,Case C — all Inv_base × (German DSO stock_s / stock_Build),2032,34.0000,10.3619,345.3961,369.0342,18.9968,19.9100,49.2687,710.2271,6.9370,69.3703,0.0694
Build,C_dso_capacity_all_inv,Case C — all Inv_base × (German DSO stock_s / stock_Build),2033,34.0000,11.0710,369.0342,391.9632,20.2969,20.4500,51.8179,740.1674,7.0008,70.0084,0.0700
Build,C_dso_capacity_all_inv,Case C — all Inv_base × (German DSO stock_s / stock_Build),2034,34.0000,11.7589,391.9632,414.2043,21.5580,21.0000,54.3169,770.1077,7.0532,70.5315,0.0705
Build,C_dso_capacity_all_inv,Case C — all Inv_base × (German DSO stock_s / stock_Build),2035,34.0000,12.4261,414.2043,435.7782,22.7812,21.5500,56.7574,800.0479,7.0942,70.9425,0.0709
Build,C_dso_capacity_all_inv,Case C — all Inv_base × (German DSO stock_s / stock_Build),2036,34.0000,13.0733,435.7782,456.7048,23.9678,22.0900,59.1311,829.9882,7.1243,71.2434,0.0712
Build,C_dso_capacity_all_inv,Case C — all Inv_base × (German DSO stock_s / stock_Build),2037,34.0000,13.7011,456.7048,477.0037,25.1188,22.6400,61.4599,859.9285,7.1471,71.4710,0.0715
Build,C_dso_capacity_all_inv,Case C — all Inv_base × (German DSO stock_s / stock_Build),2038,24.0000,14.3101,477.0037,486.6936,26.2352,23.1800,63.7253,889.8688,7.1612,71.6120,0.0716
Build,C_dso_capacity_all_inv,Case C — all Inv_base × (German DSO stock_s / stock_Build),2039,24.0000,14.6008,486.6936,496.0928,26.7681,23.7300,65.0990,919.8091,7.0774,70.7744,0.0708
Build,C_dso_capacity_all_inv,Case C — all Inv_base × (German DSO stock_s / stock_Build),2040,24.0000,14.8828,496.0928,505.2100,27.2851,24.2700,66.4379,949.7493,6.9953,69.9531,0.0700
Build,D_peak_flow_all_inv,Case D — all Inv_base × (German peak HV→LV_s / peak_Build),2023,15.0000,5.5800,186.0000,195.4200,9.3744,15.0000,29.9544,510.0000,5.8734,58.7341,0.0587
Build,D_peak_flow_all_inv,Case D — all Inv_base × (German peak HV→LV_s / peak_Build),2024,18.0000,5.8626,195.4200,207.5574,9.8492,15.5500,31.2618,520.0000,6.0119,60.1188,0.0601
Build,D_peak_flow_all_inv,Case D — all Inv_base × (German peak HV→LV_s / peak_Build),2025,18.0000,6.2267,207.5574,219.3307,10.4609,16.0900,32.7776,530.0000,6.1845,61.8446,0.0618
Build,D_peak_flow_all_inv,Case D — all Inv_base × (German peak HV→LV_s / peak_Build),2026,23.0000,6.5799,219.3307,235.7508,11.0543,16.6400,34.2742,554.0693,6.1859,61.8590,0.0619
Build,D_peak_flow_all_inv,Case D — all Inv_base × (German peak HV→LV_s / peak_Build),2027,23.0000,7.0725,235.7508,251.6782,11.8818,17.1800,36.1344,578.1386,6.2501,62.5012,0.0625
Build,D_peak_flow_all_inv,Case D — all Inv_base × (German peak HV→LV_s / peak_Build),2028,30.0000,7.5503,251.6782,274.1279,12.6846,17.7300,37.9649,602.2079,6.3043,63.0429,0.0630
Build,D_peak_flow_all_inv,Case D — all Inv_base × (German peak HV→LV_s / peak_Build),2029,30.0000,8.2238,274.1279,295.9041,15.0770,18.2700,41.5709,626.2772,6.6378,66.3777,0.0664
Build,D_peak_flow_all_inv,Case D — all Inv_base × (German peak HV→LV_s / peak_Build),2030,34.0000,8.8771,295.9041,321.0269,16.2747,18.8200,43.9718,650.3465,6.7613,67.6129,0.0676
Build,D_peak_flow_all_inv,Case D — all Inv_base × (German peak HV→LV_s / peak_Build),2031,34.0000,9.6308,321.0269,345.3961,17.6565,19.3600,46.6473,680.2868,6.8570,68.5700,0.0686
Build,D_peak_flow_all_inv,Case D — all Inv_base × (German peak HV→LV_s / peak_Build),2032,34.0000,10.3619,345.3961,369.0342,18.9968,19.9100,49.2687,710.2271,6.9370,69.3703,0.0694
Build,D_peak_flow_all_inv,Case D — all Inv_base × (German peak HV→LV_s / peak_Build),2033,34.0000,11.0710,369.0342,391.9632,20.2969,20.4500,51.8179,740.1674,7.0008,70.0084,0.0700
Build,D_peak_flow_all_inv,Case D — all Inv_base × (German peak HV→LV_s / peak_Build),2034,34.0000,11.7589,391.9632,414.2043,21.5580,21.0000,54.3169,770.1077,7.0532,70.5315,0.0705
Build,D_peak_flow_all_inv,Case D — all Inv_base × (German peak HV→LV_s / peak_Build),2035,34.0000,12.4261,414.2043,435.7782,22.7812,21.5500,56.7574,800.0479,7.0942,70.9425,0.0709
Build,D_peak_flow_all_inv,Case D — all Inv_base × (German peak HV→LV_s / peak_Build),2036,34.0000,13.0733,435.7782,456.7048,23.9678,22.0900,59.1311,829.9882,7.1243,71.2434,0.0712
Build,D_peak_flow_all_inv,Case D — all Inv_base × (German peak HV→LV_s / peak_Build),2037,34.0000,13.7011,456.7048,477.0037,25.1188,22.6400,61.4599,859.9285,7.1471,71.4710,0.0715
Build,D_peak_flow_all_inv,Case D — all Inv_base × (German peak HV→LV_s / peak_Build),2038,24.0000,14.3101,477.0037,486.6936,26.2352,23.1800,63.7253,889.8688,7.1612,71.6120,0.0716
Build,D_peak_flow_all_inv,Case D — all Inv_base × (German peak HV→LV_s / peak_Build),2039,24.0000,14.6008,486.6936,496.0928,26.7681,23.7300,65.0990,919.8091,7.0774,70.7744,0.0708
Build,D_peak_flow_all_inv,Case D — all Inv_base × (German peak HV→LV_s / peak_Build),2040,24.0000,14.8828,496.0928,505.2100,27.2851,24.2700,66.4379,949.7493,6.9953,69.9531,0.0700
Build,E_tso_dso_split,Case E — VNB share × DSO peak; ÜNB share × TSO stock GW-km (recommended),2023,15.0000,5.5800,186.0000,195.4200,9.3744,15.0000,29.9544,510.0000,5.8734,58.7341,0.0587
Build,E_tso_dso_split,Case E — VNB share × DSO peak; ÜNB share × TSO stock GW-km (recommended),2024,18.0000,5.8626,195.4200,207.5574,9.8492,15.5500,31.2618,520.0000,6.0119,60.1188,0.0601
Build,E_tso_dso_split,Case E — VNB share × DSO peak; ÜNB share × TSO stock GW-km (recommended),2025,18.0000,6.2267,207.5574,219.3307,10.4609,16.0900,32.7776,530.0000,6.1845,61.8446,0.0618
Build,E_tso_dso_split,Case E — VNB share × DSO peak; ÜNB share × TSO stock GW-km (recommended),2026,23.0000,6.5799,219.3307,235.7508,11.0543,16.6400,34.2742,554.0693,6.1859,61.8590,0.0619
Build,E_tso_dso_split,Case E — VNB share × DSO peak; ÜNB share × TSO stock GW-km (recommended),2027,23.0000,7.0725,235.7508,251.6782,11.8818,17.1800,36.1344,578.1386,6.2501,62.5012,0.0625
Build,E_tso_dso_split,Case E — VNB share × DSO peak; ÜNB share × TSO stock GW-km (recommended),2028,30.0000,7.5503,251.6782,274.1279,12.6846,17.7300,37.9649,602.2079,6.3043,63.0429,0.0630
Build,E_tso_dso_split,Case E — VNB share × DSO peak; ÜNB share × TSO stock GW-km (recommended),2029,30.0000,8.2238,274.1279,295.9041,15.0770,18.2700,41.5709,626.2772,6.6378,66.3777,0.0664
Build,E_tso_dso_split,Case E — VNB share × DSO peak; ÜNB share × TSO stock GW-km (recommended),2030,34.0000,8.8771,295.9041,321.0269,16.2747,18.8200,43.9718,650.3465,6.7613,67.6129,0.0676
Build,E_tso_dso_split,Case E — VNB share × DSO peak; ÜNB share × TSO stock GW-km (recommended),2031,34.0000,9.6308,321.0269,345.3961,17.6565,19.3600,46.6473,680.2868,6.8570,68.5700,0.0686
Build,E_tso_dso_split,Case E — VNB share × DSO peak; ÜNB share × TSO stock GW-km (recommended),2032,34.0000,10.3619,345.3961,369.0342,18.9968,19.9100,49.2687,710.2271,6.9370,69.3703,0.0694
Build,E_tso_dso_split,Case E — VNB share × DSO peak; ÜNB share × TSO stock GW-km (recommended),2033,34.0000,11.0710,369.0342,391.9632,20.2969,20.4500,51.8179,740.1674,7.0008,70.0084,0.0700
Build,E_tso_dso_split,Case E — VNB share × DSO peak; ÜNB share × TSO stock GW-km (recommended),2034,34.0000,11.7589,391.9632,414.2043,21.5580,21.0000,54.3169,770.1077,7.0532,70.5315,0.0705
Build,E_tso_dso_split,Case E — VNB share × DSO peak; ÜNB share × TSO stock GW-km (recommended),2035,34.0000,12.4261,414.2043,435.7782,22.7812,21.5500,56.7574,800.0479,7.0942,70.9425,0.0709
Build,E_tso_dso_split,Case E — VNB share × DSO peak; ÜNB share × TSO stock GW-km (recommended),2036,34.0000,13.0733,435.7782,456.7048,23.9678,22.0900,59.1311,829.9882,7.1243,71.2434,0.0712
Build,E_tso_dso_split,Case E — VNB share × DSO peak; ÜNB share × TSO stock GW-km (recommended),2037,34.0000,13.7011,456.7048,477.0037,25.1188,22.6400,61.4599,859.9285,7.1471,71.4710,0.0715
Build,E_tso_dso_split,Case E — VNB share × DSO peak; ÜNB share × TSO stock GW-km (recommended),2038,24.0000,14.3101,477.0037,486.6936,26.2352,23.1800,63.7253,889.8688,7.1612,71.6120,0.0716
Build,E_tso_dso_split,Case E — VNB share × DSO peak; ÜNB share × TSO stock GW-km (recommended),2039,24.0000,14.6008,486.6936,496.0928,26.7681,23.7300,65.0990,919.8091,7.0774,70.7744,0.0708
Build,E_tso_dso_split,Case E — VNB share × DSO peak; ÜNB share × TSO stock GW-km (recommended),2040,24.0000,14.8828,496.0928,505.2100,27.2851,24.2700,66.4379,949.7493,6.9953,69.9531,0.0700
Build,E_dso_only_tso_nep,Sensitivity — VNB share × DSO peak; ÜNB share left at Excel B (NEP TSO continues),2023,15.0000,5.5800,186.0000,195.4200,9.3744,15.0000,29.9544,510.0000,5.8734,58.7341,0.0587
Build,E_dso_only_tso_nep,Sensitivity — VNB share × DSO peak; ÜNB share left at Excel B (NEP TSO continues),2024,18.0000,5.8626,195.4200,207.5574,9.8492,15.5500,31.2618,520.0000,6.0119,60.1188,0.0601
Build,E_dso_only_tso_nep,Sensitivity — VNB share × DSO peak; ÜNB share left at Excel B (NEP TSO continues),2025,18.0000,6.2267,207.5574,219.3307,10.4609,16.0900,32.7776,530.0000,6.1845,61.8446,0.0618
Build,E_dso_only_tso_nep,Sensitivity — VNB share × DSO peak; ÜNB share left at Excel B (NEP TSO continues),2026,23.0000,6.5799,219.3307,235.7508,11.0543,16.6400,34.2742,554.0693,6.1859,61.8590,0.0619
Build,E_dso_only_tso_nep,Sensitivity — VNB share × DSO peak; ÜNB share left at Excel B (NEP TSO continues),2027,23.0000,7.0725,235.7508,251.6782,11.8818,17.1800,36.1344,578.1386,6.2501,62.5012,0.0625
Build,E_dso_only_tso_nep,Sensitivity — VNB share × DSO peak; ÜNB share left at Excel B (NEP TSO continues),2028,30.0000,7.5503,251.6782,274.1279,12.6846,17.7300,37.9649,602.2079,6.3043,63.0429,0.0630
Build,E_dso_only_tso_nep,Sensitivity — VNB share × DSO peak; ÜNB share left at Excel B (NEP TSO continues),2029,30.0000,8.2238,274.1279,295.9041,15.0770,18.2700,41.5709,626.2772,6.6378,66.3777,0.0664
Build,E_dso_only_tso_nep,Sensitivity — VNB share × DSO peak; ÜNB share left at Excel B (NEP TSO continues),2030,34.0000,8.8771,295.9041,321.0269,16.2747,18.8200,43.9718,650.3465,6.7613,67.6129,0.0676
Build,E_dso_only_tso_nep,Sensitivity — VNB share × DSO peak; ÜNB share left at Excel B (NEP TSO continues),2031,34.0000,9.6308,321.0269,345.3961,17.6565,19.3600,46.6473,680.2868,6.8570,68.5700,0.0686
Build,E_dso_only_tso_nep,Sensitivity — VNB share × DSO peak; ÜNB share left at Excel B (NEP TSO continues),2032,34.0000,10.3619,345.3961,369.0342,18.9968,19.9100,49.2687,710.2271,6.9370,69.3703,0.0694
Build,E_dso_only_tso_nep,Sensitivity — VNB share × DSO peak; ÜNB share left at Excel B (NEP TSO continues),2033,34.0000,11.0710,369.0342,391.9632,20.2969,20.4500,51.8179,740.1674,7.0008,70.0084,0.0700
Build,E_dso_only_tso_nep,Sensitivity — VNB share × DSO peak; ÜNB share left at Excel B (NEP TSO continues),2034,34.0000,11.7589,391.9632,414.2043,21.5580,21.0000,54.3169,770.1077,7.0532,70.5315,0.0705
Build,E_dso_only_tso_nep,Sensitivity — VNB share × DSO peak; ÜNB share left at Excel B (NEP TSO continues),2035,34.0000,12.4261,414.2043,435.7782,22.7812,21.5500,56.7574,800.0479,7.0942,70.9425,0.0709
Build,E_dso_only_tso_nep,Sensitivity — VNB share × DSO peak; ÜNB share left at Excel B (NEP TSO continues),2036,34.0000,13.0733,435.7782,456.7048,23.9678,22.0900,59.1311,829.9882,7.1243,71.2434,0.0712
Build,E_dso_only_tso_nep,Sensitivity — VNB share × DSO peak; ÜNB share left at Excel B (NEP TSO continues),2037,34.0000,13.7011,456.7048,477.0037,25.1188,22.6400,61.4599,859.9285,7.1471,71.4710,0.0715
Build,E_dso_only_tso_nep,Sensitivity — VNB share × DSO peak; ÜNB share left at Excel B (NEP TSO continues),2038,24.0000,14.3101,477.0037,486.6936,26.2352,23.1800,63.7253,889.8688,7.1612,71.6120,0.0716
Build,E_dso_only_tso_nep,Sensitivity — VNB share × DSO peak; ÜNB share left at Excel B (NEP TSO continues),2039,24.0000,14.6008,486.6936,496.0928,26.7681,23.7300,65.0990,919.8091,7.0774,70.7744,0.0708
Build,E_dso_only_tso_nep,Sensitivity — VNB share × DSO peak; ÜNB share left at Excel B (NEP TSO continues),2040,24.0000,14.8828,496.0928,505.2100,27.2851,24.2700,66.4379,949.7493,6.9953,69.9531,0.0700
Build,E_tso_new_volume,Sensitivity — VNB × DSO peak; ÜNB × TSO *new* GW-km (not recommended),2023,15.0000,5.5800,186.0000,195.4200,9.3744,15.0000,29.9544,510.0000,5.8734,58.7341,0.0587
Build,E_tso_new_volume,Sensitivity — VNB × DSO peak; ÜNB × TSO *new* GW-km (not recommended),2024,18.0000,5.8626,195.4200,207.5574,9.8492,15.5500,31.2618,520.0000,6.0119,60.1188,0.0601
Build,E_tso_new_volume,Sensitivity — VNB × DSO peak; ÜNB × TSO *new* GW-km (not recommended),2025,18.0000,6.2267,207.5574,219.3307,10.4609,16.0900,32.7776,530.0000,6.1845,61.8446,0.0618
Build,E_tso_new_volume,Sensitivity — VNB × DSO peak; ÜNB × TSO *new* GW-km (not recommended),2026,23.0000,6.5799,219.3307,235.7508,11.0543,16.6400,34.2742,554.0693,6.1859,61.8590,0.0619
Build,E_tso_new_volume,Sensitivity — VNB × DSO peak; ÜNB × TSO *new* GW-km (not recommended),2027,23.0000,7.0725,235.7508,251.6782,11.8818,17.1800,36.1344,578.1386,6.2501,62.5012,0.0625
Build,E_tso_new_volume,Sensitivity — VNB × DSO peak; ÜNB × TSO *new* GW-km (not recommended),2028,30.0000,7.5503,251.6782,274.1279,12.6846,17.7300,37.9649,602.2079,6.3043,63.0429,0.0630
Build,E_tso_new_volume,Sensitivity — VNB × DSO peak; ÜNB × TSO *new* GW-km (not recommended),2029,30.0000,8.2238,274.1279,295.9041,15.0770,18.2700,41.5709,626.2772,6.6378,66.3777,0.0664
Build,E_tso_new_volume,Sensitivity — VNB × DSO peak; ÜNB × TSO *new* GW-km (not recommended),2030,34.0000,8.8771,295.9041,321.0269,16.2747,18.8200,43.9718,650.3465,6.7613,67.6129,0.0676
Build,E_tso_new_volume,Sensitivity — VNB × DSO peak; ÜNB × TSO *new* GW-km (not recommended),2031,34.0000,9.6308,321.0269,345.3961,17.6565,19.3600,46.6473,680.2868,6.8570,68.5700,0.0686
Build,E_tso_new_volume,Sensitivity — VNB × DSO peak; ÜNB × TSO *new* GW-km (not recommended),2032,34.0000,10.3619,345.3961,369.0342,18.9968,19.9100,49.2687,710.2271,6.9370,69.3703,0.0694
Build,E_tso_new_volume,Sensitivity — VNB × DSO peak; ÜNB × TSO *new* GW-km (not recommended),2033,34.0000,11.0710,369.0342,391.9632,20.2969,20.4500,51.8179,740.1674,7.0008,70.0084,0.0700
Build,E_tso_new_volume,Sensitivity — VNB × DSO peak; ÜNB × TSO *new* GW-km (not recommended),2034,34.0000,11.7589,391.9632,414.2043,21.5580,21.0000,54.3169,770.1077,7.0532,70.5315,0.0705
Build,E_tso_new_volume,Sensitivity — VNB × DSO peak; ÜNB × TSO *new* GW-km (not recommended),2035,34.0000,12.4261,414.2043,435.7782,22.7812,21.5500,56.7574,800.0479,7.0942,70.9425,0.0709
Build,E_tso_new_volume,Sensitivity — VNB × DSO peak; ÜNB × TSO *new* GW-km (not recommended),2036,34.0000,13.0733,435.7782,456.7048,23.9678,22.0900,59.1311,829.9882,7.1243,71.2434,0.0712
Build,E_tso_new_volume,Sensitivity — VNB × DSO peak; ÜNB × TSO *new* GW-km (not recommended),2037,34.0000,13.7011,456.7048,477.0037,25.1188,22.6400,61.4599,859.9285,7.1471,71.4710,0.0715
Build,E_tso_new_volume,Sensitivity — VNB × DSO peak; ÜNB × TSO *new* GW-km (not recommended),2038,24.0000,14.3101,477.0037,486.6936,26.2352,23.1800,63.7253,889.8688,7.1612,71.6120,0.0716
Build,E_tso_new_volume,Sensitivity — VNB × DSO peak; ÜNB × TSO *new* GW-km (not recommended),2039,24.0000,14.6008,486.6936,496.0928,26.7681,23.7300,65.0990,919.8091,7.0774,70.7744,0.0708
Build,E_tso_new_volume,Sensitivity — VNB × DSO peak; ÜNB × TSO *new* GW-km (not recommended),2040,24.0000,14.8828,496.0928,505.2100,27.2851,24.2700,66.4379,949.7493,6.9953,69.9531,0.0700
85%,A_demand_scaled,Case A — Excel method: Inv × (end-use_s / end-use_Build),2023,15.0000,5.5800,186.0000,195.4200,9.3744,15.0000,29.9544,510.0000,5.8734,58.7341,0.0587
85%,A_demand_scaled,Case A — Excel method: Inv × (end-use_s / end-use_Build),2024,18.0000,5.8626,195.4200,207.5574,9.8492,15.5500,31.2618,520.0000,6.0119,60.1188,0.0601
85%,A_demand_scaled,Case A — Excel method: Inv × (end-use_s / end-use_Build),2025,18.0000,6.2267,207.5574,219.3307,10.4609,16.0900,32.7776,530.0000,6.1845,61.8446,0.0618
85%,A_demand_scaled,Case A — Excel method: Inv × (end-use_s / end-use_Build),2026,22.7120,6.5799,219.3307,235.4627,11.0543,16.6400,34.2742,552.4404,6.2041,62.0414,0.0620
85%,A_demand_scaled,Case A — Excel method: Inv × (end-use_s / end-use_Build),2027,22.7120,7.0639,235.4627,251.1108,11.8673,17.1800,36.1112,574.8809,6.2815,62.8151,0.0628
85%,A_demand_scaled,Case A — Excel method: Inv × (end-use_s / end-use_Build),2028,29.6243,7.5333,251.1108,273.2018,12.6560,17.7300,37.9193,597.3213,6.3482,63.4823,0.0635
85%,A_demand_scaled,Case A — Excel method: Inv × (end-use_s / end-use_Build),2029,29.6243,8.1961,273.2018,294.6300,15.0261,18.2700,41.4922,619.7617,6.6949,66.9486,0.0669
85%,A_demand_scaled,Case A — Excel method: Inv × (end-use_s / end-use_Build),2030,33.5742,8.8389,294.6300,319.3654,16.2047,18.8200,43.8636,642.2022,6.8302,68.3018,0.0683
85%,A_demand_scaled,Case A — Excel method: Inv × (end-use_s / end-use_Build),2031,32.8179,9.5810,319.3654,342.6023,17.5651,19.3600,46.5061,669.6549,6.9448,69.4478,0.0694
85%,A_demand_scaled,Case A — Excel method: Inv × (end-use_s / end-use_Build),2032,32.8179,10.2781,342.6023,365.1422,18.8431,19.9100,49.0312,697.1076,7.0335,70.3352,0.0703
85%,A_demand_scaled,Case A — Excel method: Inv × (end-use_s / end-use_Build),2033,32.8179,10.9543,365.1422,387.0058,20.0828,20.4500,51.4871,724.5604,7.1060,71.0598,0.0711
85%,A_demand_scaled,Case A — Excel method: Inv × (end-use_s / end-use_Build),2034,32.8179,11.6102,387.0058,408.2136,21.2853,21.0000,53.8955,752.0131,7.1668,71.6683,0.0717
85%,A_demand_scaled,Case A — Excel method: Inv × (end-use_s / end-use_Build),2035,32.8179,12.2464,408.2136,428.7851,22.4517,21.5500,56.2482,779.4659,7.2162,72.1624,0.0722
85%,A_demand_scaled,Case A — Excel method: Inv × (end-use_s / end-use_Build),2036,32.8179,12.8636,428.7851,448.7395,23.5832,22.0900,58.5367,806.9186,7.2544,72.5435,0.0725
85%,A_demand_scaled,Case A — Excel method: Inv × (end-use_s / end-use_Build),2037,32.8179,13.4622,448.7395,468.0952,24.6807,22.6400,60.7829,834.3714,7.2849,72.8487,0.0728
85%,A_demand_scaled,Case A — Excel method: Inv × (end-use_s / end-use_Build),2038,23.1656,14.0429,468.0952,477.2180,25.7452,23.1800,62.9681,861.8241,7.3064,73.0637,0.0731
85%,A_demand_scaled,Case A — Excel method: Inv × (end-use_s / end-use_Build),2039,23.1656,14.3165,477.2180,486.0670,26.2470,23.7300,64.2935,889.2768,7.2299,72.2987,0.0723
85%,A_demand_scaled,Case A — Excel method: Inv × (end-use_s / end-use_Build),2040,23.1656,14.5820,486.0670,494.6506,26.7337,24.2700,65.5857,916.7296,7.1543,71.5431,0.0715
85%,B_denominator_only,Case B — Excel B investment unchanged; PyPSA end-use denominator only,2023,15.0000,5.5800,186.0000,195.4200,9.3744,15.0000,29.9544,510.0000,5.8734,58.7341,0.0587
85%,B_denominator_only,Case B — Excel B investment unchanged; PyPSA end-use denominator only,2024,18.0000,5.8626,195.4200,207.5574,9.8492,15.5500,31.2618,520.0000,6.0119,60.1188,0.0601
85%,B_denominator_only,Case B — Excel B investment unchanged; PyPSA end-use denominator only,2025,18.0000,6.2267,207.5574,219.3307,10.4609,16.0900,32.7776,530.0000,6.1845,61.8446,0.0618
85%,B_denominator_only,Case B — Excel B investment unchanged; PyPSA end-use denominator only,2026,23.0000,6.5799,219.3307,235.7508,11.0543,16.6400,34.2742,552.4404,6.2041,62.0414,0.0620
85%,B_denominator_only,Case B — Excel B investment unchanged; PyPSA end-use denominator only,2027,23.0000,7.0725,235.7508,251.6782,11.8818,17.1800,36.1344,574.8809,6.2855,62.8554,0.0629
85%,B_denominator_only,Case B — Excel B investment unchanged; PyPSA end-use denominator only,2028,30.0000,7.5503,251.6782,274.1279,12.6846,17.7300,37.9649,597.3213,6.3559,63.5586,0.0636
85%,B_denominator_only,Case B — Excel B investment unchanged; PyPSA end-use denominator only,2029,30.0000,8.2238,274.1279,295.9041,15.0770,18.2700,41.5709,619.7617,6.7076,67.0756,0.0671
85%,B_denominator_only,Case B — Excel B investment unchanged; PyPSA end-use denominator only,2030,34.0000,8.8771,295.9041,321.0269,16.2747,18.8200,43.9718,642.2022,6.8470,68.4704,0.0685
85%,B_denominator_only,Case B — Excel B investment unchanged; PyPSA end-use denominator only,2031,34.0000,9.6308,321.0269,345.3961,17.6565,19.3600,46.6473,669.6549,6.9659,69.6587,0.0697
85%,B_denominator_only,Case B — Excel B investment unchanged; PyPSA end-use denominator only,2032,34.0000,10.3619,345.3961,369.0342,18.9968,19.9100,49.2687,697.1076,7.0676,70.6758,0.0707
85%,B_denominator_only,Case B — Excel B investment unchanged; PyPSA end-use denominator only,2033,34.0000,11.0710,369.0342,391.9632,20.2969,20.4500,51.8179,724.5604,7.1516,71.5163,0.0715
85%,B_denominator_only,Case B — Excel B investment unchanged; PyPSA end-use denominator only,2034,34.0000,11.7589,391.9632,414.2043,21.5580,21.0000,54.3169,752.0131,7.2229,72.2286,0.0722
85%,B_denominator_only,Case B — Excel B investment unchanged; PyPSA end-use denominator only,2035,34.0000,12.4261,414.2043,435.7782,22.7812,21.5500,56.7574,779.4659,7.2816,72.8157,0.0728
85%,B_denominator_only,Case B — Excel B investment unchanged; PyPSA end-use denominator only,2036,34.0000,13.0733,435.7782,456.7048,23.9678,22.0900,59.1311,806.9186,7.3280,73.2802,0.0733
85%,B_denominator_only,Case B — Excel B investment unchanged; PyPSA end-use denominator only,2037,34.0000,13.7011,456.7048,477.0037,25.1188,22.6400,61.4599,834.3714,7.3660,73.6601,0.0737
85%,B_denominator_only,Case B — Excel B investment unchanged; PyPSA end-use denominator only,2038,24.0000,14.3101,477.0037,486.6936,26.2352,23.1800,63.7253,861.8241,7.3942,73.9424,0.0739
85%,B_denominator_only,Case B — Excel B investment unchanged; PyPSA end-use denominator only,2039,24.0000,14.6008,486.6936,496.0928,26.7681,23.7300,65.0990,889.2768,7.3204,73.2044,0.0732
85%,B_denominator_only,Case B — Excel B investment unchanged; PyPSA end-use denominator only,2040,24.0000,14.8828,496.0928,505.2100,27.2851,24.2700,66.4379,916.7296,7.2473,72.4727,0.0725
85%,C_dso_capacity_all_inv,Case C — all Inv_base × (German DSO stock_s / stock_Build),2023,15.0000,5.5800,186.0000,195.4200,9.3744,15.0000,29.9544,510.0000,5.8734,58.7341,0.0587
85%,C_dso_capacity_all_inv,Case C — all Inv_base × (German DSO stock_s / stock_Build),2024,18.0000,5.8626,195.4200,207.5574,9.8492,15.5500,31.2618,520.0000,6.0119,60.1188,0.0601
85%,C_dso_capacity_all_inv,Case C — all Inv_base × (German DSO stock_s / stock_Build),2025,18.0000,6.2267,207.5574,219.3307,10.4609,16.0900,32.7776,530.0000,6.1845,61.8446,0.0618
85%,C_dso_capacity_all_inv,Case C — all Inv_base × (German DSO stock_s / stock_Build),2026,21.7026,6.5799,219.3307,234.4534,11.0543,16.6400,34.2742,552.4404,6.2041,62.0414,0.0620
85%,C_dso_capacity_all_inv,Case C — all Inv_base × (German DSO stock_s / stock_Build),2027,21.7026,7.0336,234.4534,249.1224,11.8165,17.1800,36.0301,574.8809,6.2674,62.6739,0.0627
85%,C_dso_capacity_all_inv,Case C — all Inv_base × (German DSO stock_s / stock_Build),2028,28.3078,7.4737,249.1224,269.9565,12.5558,17.7300,37.7594,597.3213,6.3215,63.2146,0.0632
85%,C_dso_capacity_all_inv,Case C — all Inv_base × (German DSO stock_s / stock_Build),2029,28.3078,8.0987,269.9565,290.1656,14.8476,18.2700,41.2163,619.7617,6.6503,66.5035,0.0665
85%,C_dso_capacity_all_inv,Case C — all Inv_base × (German DSO stock_s / stock_Build),2030,32.0821,8.7050,290.1656,313.5428,15.9591,18.8200,43.4841,642.2022,6.7711,67.7109,0.0677
85%,C_dso_capacity_all_inv,Case C — all Inv_base × (German DSO stock_s / stock_Build),2031,28.4446,9.4063,313.5428,332.5811,17.2449,19.3600,46.0111,669.6549,6.8709,68.7087,0.0687
85%,C_dso_capacity_all_inv,Case C — all Inv_base × (German DSO stock_s / stock_Build),2032,28.4446,9.9774,332.5811,351.0482,18.2920,19.9100,48.1794,697.1076,6.9113,69.1133,0.0691
85%,C_dso_capacity_all_inv,Case C — all Inv_base × (German DSO stock_s / stock_Build),2033,28.4446,10.5314,351.0482,368.9613,19.3077,20.4500,50.2891,724.5604,6.9406,69.4064,0.0694
85%,C_dso_capacity_all_inv,Case C — all Inv_base × (German DSO stock_s / stock_Build),2034,28.4446,11.0688,368.9613,386.3371,20.2929,21.0000,52.3617,752.0131,6.9629,69.6287,0.0696
85%,C_dso_capacity_all_inv,Case C — all Inv_base × (German DSO stock_s / stock_Build),2035,28.4446,11.5901,386.3371,403.1915,21.2485,21.5500,54.3887,779.4659,6.9777,69.7768,0.0698
85%,C_dso_capacity_all_inv,Case C — all Inv_base × (German DSO stock_s / stock_Build),2036,28.4446,12.0957,403.1915,419.5404,22.1755,22.0900,56.3613,806.9186,6.9848,69.8475,0.0698
85%,C_dso_capacity_all_inv,Case C — all Inv_base × (German DSO stock_s / stock_Build),2037,28.4446,12.5862,419.5404,435.3987,23.0747,22.6400,58.3009,834.3714,6.9874,69.8741,0.0699
85%,C_dso_capacity_all_inv,Case C — all Inv_base × (German DSO stock_s / stock_Build),2038,20.0785,13.0620,435.3987,442.4153,23.9469,23.1800,60.1889,861.8241,6.9839,69.8390,0.0698
85%,C_dso_capacity_all_inv,Case C — all Inv_base × (German DSO stock_s / stock_Build),2039,20.0785,13.2725,442.4153,449.2214,24.3328,23.7300,61.3353,889.2768,6.8972,68.9721,0.0690
85%,C_dso_capacity_all_inv,Case C — all Inv_base × (German DSO stock_s / stock_Build),2040,20.0785,13.4766,449.2214,455.8233,24.7072,24.2700,62.4538,916.7296,6.8127,68.1268,0.0681
85%,D_peak_flow_all_inv,Case D — all Inv_base × (German peak HV→LV_s / peak_Build),2023,15.0000,5.5800,186.0000,195.4200,9.3744,15.0000,29.9544,510.0000,5.8734,58.7341,0.0587
85%,D_peak_flow_all_inv,Case D — all Inv_base × (German peak HV→LV_s / peak_Build),2024,18.0000,5.8626,195.4200,207.5574,9.8492,15.5500,31.2618,520.0000,6.0119,60.1188,0.0601
85%,D_peak_flow_all_inv,Case D — all Inv_base × (German peak HV→LV_s / peak_Build),2025,18.0000,6.2267,207.5574,219.3307,10.4609,16.0900,32.7776,530.0000,6.1845,61.8446,0.0618
85%,D_peak_flow_all_inv,Case D — all Inv_base × (German peak HV→LV_s / peak_Build),2026,21.7026,6.5799,219.3307,234.4534,11.0543,16.6400,34.2742,552.4404,6.2041,62.0414,0.0620
85%,D_peak_flow_all_inv,Case D — all Inv_base × (German peak HV→LV_s / peak_Build),2027,21.7026,7.0336,234.4534,249.1224,11.8165,17.1800,36.0301,574.8809,6.2674,62.6739,0.0627
85%,D_peak_flow_all_inv,Case D — all Inv_base × (German peak HV→LV_s / peak_Build),2028,28.3078,7.4737,249.1224,269.9566,12.5558,17.7300,37.7594,597.3213,6.3215,63.2146,0.0632
85%,D_peak_flow_all_inv,Case D — all Inv_base × (German peak HV→LV_s / peak_Build),2029,28.3078,8.0987,269.9566,290.1657,14.8476,18.2700,41.2163,619.7617,6.6503,66.5035,0.0665
85%,D_peak_flow_all_inv,Case D — all Inv_base × (German peak HV→LV_s / peak_Build),2030,32.0822,8.7050,290.1657,313.5429,15.9591,18.8200,43.4841,642.2022,6.7711,67.7109,0.0677
85%,D_peak_flow_all_inv,Case D — all Inv_base × (German peak HV→LV_s / peak_Build),2031,28.4446,9.4063,313.5429,332.5812,17.2449,19.3600,46.0111,669.6549,6.8709,68.7087,0.0687
85%,D_peak_flow_all_inv,Case D — all Inv_base × (German peak HV→LV_s / peak_Build),2032,28.4446,9.9774,332.5812,351.0483,18.2920,19.9100,48.1794,697.1076,6.9113,69.1133,0.0691
85%,D_peak_flow_all_inv,Case D — all Inv_base × (German peak HV→LV_s / peak_Build),2033,28.4446,10.5314,351.0483,368.9614,19.3077,20.4500,50.2891,724.5604,6.9406,69.4064,0.0694
85%,D_peak_flow_all_inv,Case D — all Inv_base × (German peak HV→LV_s / peak_Build),2034,28.4446,11.0688,368.9614,386.3372,20.2929,21.0000,52.3617,752.0131,6.9629,69.6287,0.0696
85%,D_peak_flow_all_inv,Case D — all Inv_base × (German peak HV→LV_s / peak_Build),2035,28.4446,11.5901,386.3372,403.1916,21.2485,21.5500,54.3887,779.4659,6.9777,69.7768,0.0698
85%,D_peak_flow_all_inv,Case D — all Inv_base × (German peak HV→LV_s / peak_Build),2036,28.4446,12.0957,403.1916,419.5405,22.1755,22.0900,56.3613,806.9186,6.9848,69.8476,0.0698
85%,D_peak_flow_all_inv,Case D — all Inv_base × (German peak HV→LV_s / peak_Build),2037,28.4446,12.5862,419.5405,435.3988,23.0747,22.6400,58.3009,834.3714,6.9874,69.8741,0.0699
85%,D_peak_flow_all_inv,Case D — all Inv_base × (German peak HV→LV_s / peak_Build),2038,20.0785,13.0620,435.3988,442.4154,23.9469,23.1800,60.1889,861.8241,6.9839,69.8390,0.0698
85%,D_peak_flow_all_inv,Case D — all Inv_base × (German peak HV→LV_s / peak_Build),2039,20.0785,13.2725,442.4154,449.2215,24.3328,23.7300,61.3353,889.2768,6.8972,68.9721,0.0690
85%,D_peak_flow_all_inv,Case D — all Inv_base × (German peak HV→LV_s / peak_Build),2040,20.0785,13.4766,449.2215,455.8234,24.7072,24.2700,62.4538,916.7296,6.8127,68.1268,0.0681
85%,E_tso_dso_split,Case E — VNB share × DSO peak; ÜNB share × TSO stock GW-km (recommended),2023,15.0000,5.5800,186.0000,195.4200,9.3744,15.0000,29.9544,510.0000,5.8734,58.7341,0.0587
85%,E_tso_dso_split,Case E — VNB share × DSO peak; ÜNB share × TSO stock GW-km (recommended),2024,18.0000,5.8626,195.4200,207.5574,9.8492,15.5500,31.2618,520.0000,6.0119,60.1188,0.0601
85%,E_tso_dso_split,Case E — VNB share × DSO peak; ÜNB share × TSO stock GW-km (recommended),2025,18.0000,6.2267,207.5574,219.3307,10.4609,16.0900,32.7776,530.0000,6.1845,61.8446,0.0618
85%,E_tso_dso_split,Case E — VNB share × DSO peak; ÜNB share × TSO stock GW-km (recommended),2026,21.8724,6.5799,219.3307,234.6231,11.0543,16.6400,34.2742,552.4404,6.2041,62.0414,0.0620
85%,E_tso_dso_split,Case E — VNB share × DSO peak; ÜNB share × TSO stock GW-km (recommended),2027,21.8724,7.0387,234.6231,249.4568,11.8250,17.1800,36.0437,574.8809,6.2698,62.6977,0.0627
85%,E_tso_dso_split,Case E — VNB share × DSO peak; ÜNB share × TSO stock GW-km (recommended),2028,28.5292,7.4837,249.4568,270.5022,12.5726,17.7300,37.7863,597.3213,6.3260,63.2596,0.0633
85%,E_tso_dso_split,Case E — VNB share × DSO peak; ÜNB share × TSO stock GW-km (recommended),2029,28.5292,8.1151,270.5022,290.9163,14.8776,18.2700,41.2627,619.7617,6.6578,66.5783,0.0666
85%,E_tso_dso_split,Case E — VNB share × DSO peak; ÜNB share × TSO stock GW-km (recommended),2030,32.3331,8.7275,290.9163,314.5219,16.0004,18.8200,43.5479,642.2022,6.7810,67.8102,0.0678
85%,E_tso_dso_split,Case E — VNB share × DSO peak; ÜNB share × TSO stock GW-km (recommended),2031,31.5449,9.4357,314.5219,336.6311,17.2987,19.3600,46.0944,669.6549,6.8833,68.8330,0.0688
85%,E_tso_dso_split,Case E — VNB share × DSO peak; ÜNB share × TSO stock GW-km (recommended),2032,31.5449,10.0989,336.6311,358.0771,18.5147,19.9100,48.5236,697.1076,6.9607,69.6071,0.0696
85%,E_tso_dso_split,Case E — VNB share × DSO peak; ÜNB share × TSO stock GW-km (recommended),2033,31.5449,10.7423,358.0771,378.8797,19.6942,20.4500,50.8866,724.5604,7.0231,70.2309,0.0702
85%,E_tso_dso_split,Case E — VNB share × DSO peak; ÜNB share × TSO stock GW-km (recommended),2034,31.5449,11.3664,378.8797,399.0582,20.8384,21.0000,53.2048,752.0131,7.0750,70.7498,0.0707
85%,E_tso_dso_split,Case E — VNB share × DSO peak; ÜNB share × TSO stock GW-km (recommended),2035,31.5449,11.9717,399.0582,418.6313,21.9482,21.5500,55.4699,779.4659,7.1164,71.1640,0.0712
85%,E_tso_dso_split,Case E — VNB share × DSO peak; ÜNB share × TSO stock GW-km (recommended),2036,31.5449,12.5589,418.6313,437.6173,23.0247,22.0900,57.6737,806.9186,7.1474,71.4740,0.0715
85%,E_tso_dso_split,Case E — VNB share × DSO peak; ÜNB share × TSO stock GW-km (recommended),2037,31.5449,13.1285,437.6173,456.0336,24.0689,22.6400,59.8375,834.3714,7.1716,71.7156,0.0717
85%,E_tso_dso_split,Case E — VNB share × DSO peak; ÜNB share × TSO stock GW-km (recommended),2038,22.2670,13.6810,456.0336,464.6196,25.0818,23.1800,61.9429,861.8241,7.1874,71.8741,0.0719
85%,E_tso_dso_split,Case E — VNB share × DSO peak; ÜNB share × TSO stock GW-km (recommended),2039,22.2670,13.9386,464.6196,472.9480,25.5541,23.7300,63.2227,889.2768,7.1094,71.0945,0.0711
85%,E_tso_dso_split,Case E — VNB share × DSO peak; ÜNB share × TSO stock GW-km (recommended),2040,22.2670,14.1884,472.9480,481.0265,26.0121,24.2700,64.4706,916.7296,7.0327,70.3267,0.0703
85%,E_dso_only_tso_nep,Sensitivity — VNB share × DSO peak; ÜNB share left at Excel B (NEP TSO continues),2023,15.0000,5.5800,186.0000,195.4200,9.3744,15.0000,29.9544,510.0000,5.8734,58.7341,0.0587
85%,E_dso_only_tso_nep,Sensitivity — VNB share × DSO peak; ÜNB share left at Excel B (NEP TSO continues),2024,18.0000,5.8626,195.4200,207.5574,9.8492,15.5500,31.2618,520.0000,6.0119,60.1188,0.0601
85%,E_dso_only_tso_nep,Sensitivity — VNB share × DSO peak; ÜNB share left at Excel B (NEP TSO continues),2025,18.0000,6.2267,207.5574,219.3307,10.4609,16.0900,32.7776,530.0000,6.1845,61.8446,0.0618
85%,E_dso_only_tso_nep,Sensitivity — VNB share × DSO peak; ÜNB share left at Excel B (NEP TSO continues),2026,22.4537,6.5799,219.3307,235.2045,11.0543,16.6400,34.2742,552.4404,6.2041,62.0414,0.0620
85%,E_dso_only_tso_nep,Sensitivity — VNB share × DSO peak; ÜNB share left at Excel B (NEP TSO continues),2027,22.4537,7.0561,235.2045,250.6021,11.8543,17.1800,36.0904,574.8809,6.2779,62.7790,0.0628
85%,E_dso_only_tso_nep,Sensitivity — VNB share × DSO peak; ÜNB share left at Excel B (NEP TSO continues),2028,29.2875,7.5181,250.6021,272.3715,12.6303,17.7300,37.8784,597.3213,6.3414,63.4138,0.0634
85%,E_dso_only_tso_nep,Sensitivity — VNB share × DSO peak; ÜNB share left at Excel B (NEP TSO continues),2029,29.2875,8.1711,272.3715,293.4879,14.9804,18.2700,41.4216,619.7617,6.6835,66.8347,0.0668
85%,E_dso_only_tso_nep,Sensitivity — VNB share × DSO peak; ÜNB share left at Excel B (NEP TSO continues),2030,33.1925,8.8046,293.4879,317.8757,16.1418,18.8200,43.7665,642.2022,6.8151,68.1506,0.0682
85%,E_dso_only_tso_nep,Sensitivity — VNB share × DSO peak; ÜNB share left at Excel B (NEP TSO continues),2031,31.6609,9.5363,317.8757,340.0004,17.4832,19.3600,46.3794,669.6549,6.9259,69.2587,0.0693
85%,E_dso_only_tso_nep,Sensitivity — VNB share × DSO peak; ÜNB share left at Excel B (NEP TSO continues),2032,31.6609,10.2000,340.0004,361.4612,18.7000,19.9100,48.8100,697.1076,7.0018,70.0179,0.0700
85%,E_dso_only_tso_nep,Sensitivity — VNB share × DSO peak; ÜNB share left at Excel B (NEP TSO continues),2033,31.6609,10.8438,361.4612,382.2783,19.8804,20.4500,51.1742,724.5604,7.0628,70.6279,0.0706
85%,E_dso_only_tso_nep,Sensitivity — VNB share × DSO peak; ÜNB share left at Excel B (NEP TSO continues),2034,31.6609,11.4683,382.2783,402.4708,21.0253,21.0000,53.4937,752.0131,7.1134,71.1339,0.0711
85%,E_dso_only_tso_nep,Sensitivity — VNB share × DSO peak; ÜNB share left at Excel B (NEP TSO continues),2035,31.6609,12.0741,402.4708,422.0575,22.1359,21.5500,55.7600,779.4659,7.1536,71.5362,0.0715
85%,E_dso_only_tso_nep,Sensitivity — VNB share × DSO peak; ÜNB share left at Excel B (NEP TSO continues),2036,31.6609,12.6617,422.0575,441.0567,23.2132,22.0900,57.9649,806.9186,7.1835,71.8349,0.0718
85%,E_dso_only_tso_nep,Sensitivity — VNB share × DSO peak; ÜNB share left at Excel B (NEP TSO continues),2037,31.6609,13.2317,441.0567,459.4859,24.2581,22.6400,60.1298,834.3714,7.2066,72.0660,0.0721
85%,E_dso_only_tso_nep,Sensitivity — VNB share × DSO peak; ÜNB share left at Excel B (NEP TSO continues),2038,22.3489,13.7846,459.4859,468.0501,25.2717,23.1800,62.2363,861.8241,7.2215,72.2146,0.0722
85%,E_dso_only_tso_nep,Sensitivity — VNB share × DSO peak; ÜNB share left at Excel B (NEP TSO continues),2039,22.3489,14.0415,468.0501,476.3575,25.7428,23.7300,63.5143,889.2768,7.1422,71.4224,0.0714
85%,E_dso_only_tso_nep,Sensitivity — VNB share × DSO peak; ÜNB share left at Excel B (NEP TSO continues),2040,22.3489,14.2907,476.3575,484.4156,26.1997,24.2700,64.7604,916.7296,7.0643,70.6428,0.0706
85%,E_tso_new_volume,Sensitivity — VNB × DSO peak; ÜNB × TSO *new* GW-km (not recommended),2023,15.0000,5.5800,186.0000,195.4200,9.3744,15.0000,29.9544,510.0000,5.8734,58.7341,0.0587
85%,E_tso_new_volume,Sensitivity — VNB × DSO peak; ÜNB × TSO *new* GW-km (not recommended),2024,18.0000,5.8626,195.4200,207.5574,9.8492,15.5500,31.2618,520.0000,6.0119,60.1188,0.0601
85%,E_tso_new_volume,Sensitivity — VNB × DSO peak; ÜNB × TSO *new* GW-km (not recommended),2025,18.0000,6.2267,207.5574,219.3307,10.4609,16.0900,32.7776,530.0000,6.1845,61.8446,0.0618
85%,E_tso_new_volume,Sensitivity — VNB × DSO peak; ÜNB × TSO *new* GW-km (not recommended),2026,18.0339,6.5799,219.3307,230.7846,11.0543,16.6400,34.2742,552.4404,6.2041,62.0414,0.0620
85%,E_tso_new_volume,Sensitivity — VNB × DSO peak; ÜNB × TSO *new* GW-km (not recommended),2027,18.0339,6.9235,230.7846,241.8949,11.6315,17.1800,35.7351,574.8809,6.2161,62.1608,0.0622
85%,E_tso_new_volume,Sensitivity — VNB × DSO peak; ÜNB × TSO *new* GW-km (not recommended),2028,23.5224,7.2568,241.8949,258.1605,12.1915,17.7300,37.1784,597.3213,6.2242,62.2418,0.0622
85%,E_tso_new_volume,Sensitivity — VNB × DSO peak; ÜNB × TSO *new* GW-km (not recommended),2029,23.5224,7.7448,258.1605,273.9381,14.1988,18.2700,40.2136,619.7617,6.4886,64.8856,0.0649
85%,E_tso_new_volume,Sensitivity — VNB × DSO peak; ÜNB × TSO *new* GW-km (not recommended),2030,26.6587,8.2181,273.9381,292.3787,15.0666,18.8200,42.1047,642.2022,6.5563,65.5631,0.0656
85%,E_tso_new_volume,Sensitivity — VNB × DSO peak; ÜNB × TSO *new* GW-km (not recommended),2031,31.3692,8.7714,292.3787,314.9765,16.0808,19.3600,44.2122,669.6549,6.6022,66.0223,0.0660
85%,E_tso_new_volume,Sensitivity — VNB × DSO peak; ÜNB × TSO *new* GW-km (not recommended),2032,31.3692,9.4493,314.9765,336.8964,17.3237,19.9100,46.6830,697.1076,6.6967,66.9667,0.0670
85%,E_tso_new_volume,Sensitivity — VNB × DSO peak; ÜNB × TSO *new* GW-km (not recommended),2033,31.3692,10.1069,336.8964,358.1587,18.5293,20.4500,49.0862,724.5604,6.7746,67.7462,0.0677
85%,E_tso_new_volume,Sensitivity — VNB × DSO peak; ÜNB × TSO *new* GW-km (not recommended),2034,31.3692,10.7448,358.1587,378.7831,19.6987,21.0000,51.4435,752.0131,6.8408,68.4077,0.0684
85%,E_tso_new_volume,Sensitivity — VNB × DSO peak; ÜNB × TSO *new* GW-km (not recommended),2035,31.3692,11.3635,378.7831,398.7888,20.8331,21.5500,53.7466,779.4659,6.8953,68.9531,0.0690
85%,E_tso_new_volume,Sensitivity — VNB × DSO peak; ÜNB × TSO *new* GW-km (not recommended),2036,31.3692,11.9637,398.7888,418.1943,21.9334,22.0900,55.9870,806.9186,6.9384,69.3838,0.0694
85%,E_tso_new_volume,Sensitivity — VNB × DSO peak; ÜNB × TSO *new* GW-km (not recommended),2037,31.3692,12.5458,418.1943,437.0176,23.0007,22.6400,58.1865,834.3714,6.9737,69.7370,0.0697
85%,E_tso_new_volume,Sensitivity — VNB × DSO peak; ÜNB × TSO *new* GW-km (not recommended),2038,22.1429,13.1105,437.0176,446.0501,24.0360,23.1800,60.3265,861.8241,6.9999,69.9986,0.0700
85%,E_tso_new_volume,Sensitivity — VNB × DSO peak; ÜNB × TSO *new* GW-km (not recommended),2039,22.1429,13.3815,446.0501,454.8115,24.5328,23.7300,61.6443,889.2768,6.9320,69.3195,0.0693
85%,E_tso_new_volume,Sensitivity — VNB × DSO peak; ÜNB × TSO *new* GW-km (not recommended),2040,22.1429,13.6443,454.8115,463.3101,25.0146,24.2700,62.9290,916.7296,6.8645,68.6451,0.0686
75%,A_demand_scaled,Case A — Excel method: Inv × (end-use_s / end-use_Build),2023,15.0000,5.5800,186.0000,195.4200,9.3744,15.0000,29.9544,510.0000,5.8734,58.7341,0.0587
75%,A_demand_scaled,Case A — Excel method: Inv × (end-use_s / end-use_Build),2024,18.0000,5.8626,195.4200,207.5574,9.8492,15.5500,31.2618,520.0000,6.0119,60.1188,0.0601
75%,A_demand_scaled,Case A — Excel method: Inv × (end-use_s / end-use_Build),2025,18.0000,6.2267,207.5574,219.3307,10.4609,16.0900,32.7776,530.0000,6.1845,61.8446,0.0618
75%,A_demand_scaled,Case A — Excel method: Inv × (end-use_s / end-use_Build),2026,23.1512,6.5799,219.3307,235.9019,11.0543,16.6400,34.2742,554.9242,6.1764,61.7637,0.0618
75%,A_demand_scaled,Case A — Excel method: Inv × (end-use_s / end-use_Build),2027,23.1512,7.0771,235.9019,251.9760,11.8895,17.1800,36.1465,579.8483,6.2338,62.3379,0.0623
75%,A_demand_scaled,Case A — Excel method: Inv × (end-use_s / end-use_Build),2028,30.1972,7.5593,251.9760,274.6139,12.6996,17.7300,37.9889,604.7725,6.2815,62.8151,0.0628
75%,A_demand_scaled,Case A — Excel method: Inv × (end-use_s / end-use_Build),2029,30.1972,8.2384,274.6139,296.5727,15.1038,18.2700,41.6122,629.6967,6.6083,66.0829,0.0661
75%,A_demand_scaled,Case A — Excel method: Inv × (end-use_s / end-use_Build),2030,34.2235,8.8972,296.5727,321.8989,16.3115,18.8200,44.0287,654.6208,6.7258,67.2583,0.0673
75%,A_demand_scaled,Case A — Excel method: Inv × (end-use_s / end-use_Build),2031,31.8672,9.6570,321.8989,344.1092,17.7044,19.3600,46.7214,678.1760,6.8893,68.8928,0.0689
75%,A_demand_scaled,Case A — Excel method: Inv × (end-use_s / end-use_Build),2032,31.8672,10.3233,344.1092,365.6531,18.9260,19.9100,49.1593,701.7311,7.0054,70.0543,0.0701
75%,A_demand_scaled,Case A — Excel method: Inv × (end-use_s / end-use_Build),2033,31.8672,10.9696,365.6531,386.5507,20.1109,20.4500,51.5305,725.2862,7.1049,71.0485,0.0710
75%,A_demand_scaled,Case A — Excel method: Inv × (end-use_s / end-use_Build),2034,31.8672,11.5965,386.5507,406.8214,21.2603,21.0000,53.8568,748.8414,7.1920,71.9202,0.0719
75%,A_demand_scaled,Case A — Excel method: Inv × (end-use_s / end-use_Build),2035,31.8672,12.2046,406.8214,426.4840,22.3752,21.5500,56.1298,772.3965,7.2670,72.6697,0.0727
75%,A_demand_scaled,Case A — Excel method: Inv × (end-use_s / end-use_Build),2036,31.8672,12.7945,426.4840,445.5566,23.4566,22.0900,58.3411,795.9517,7.3297,73.2973,0.0733
75%,A_demand_scaled,Case A — Excel method: Inv × (end-use_s / end-use_Build),2037,31.8672,13.3667,445.5566,464.0572,24.5056,22.6400,60.5123,819.5068,7.3840,73.8399,0.0738
75%,A_demand_scaled,Case A — Excel method: Inv × (end-use_s / end-use_Build),2038,22.4945,13.9217,464.0572,472.6299,25.5231,23.1800,62.6249,843.0620,7.4283,74.2826,0.0743
75%,A_demand_scaled,Case A — Excel method: Inv × (end-use_s / end-use_Build),2039,22.4945,14.1789,472.6299,480.9455,25.9946,23.7300,63.9035,866.6171,7.3739,73.7391,0.0737
75%,A_demand_scaled,Case A — Excel method: Inv × (end-use_s / end-use_Build),2040,22.4945,14.4284,480.9455,489.0117,26.4520,24.2700,65.1504,890.1722,7.3188,73.1885,0.0732
75%,B_denominator_only,Case B — Excel B investment unchanged; PyPSA end-use denominator only,2023,15.0000,5.5800,186.0000,195.4200,9.3744,15.0000,29.9544,510.0000,5.8734,58.7341,0.0587
75%,B_denominator_only,Case B — Excel B investment unchanged; PyPSA end-use denominator only,2024,18.0000,5.8626,195.4200,207.5574,9.8492,15.5500,31.2618,520.0000,6.0119,60.1188,0.0601
75%,B_denominator_only,Case B — Excel B investment unchanged; PyPSA end-use denominator only,2025,18.0000,6.2267,207.5574,219.3307,10.4609,16.0900,32.7776,530.0000,6.1845,61.8446,0.0618
75%,B_denominator_only,Case B — Excel B investment unchanged; PyPSA end-use denominator only,2026,23.0000,6.5799,219.3307,235.7508,11.0543,16.6400,34.2742,554.9242,6.1764,61.7637,0.0618
75%,B_denominator_only,Case B — Excel B investment unchanged; PyPSA end-use denominator only,2027,23.0000,7.0725,235.7508,251.6782,11.8818,17.1800,36.1344,579.8483,6.2317,62.3169,0.0623
75%,B_denominator_only,Case B — Excel B investment unchanged; PyPSA end-use denominator only,2028,30.0000,7.5503,251.6782,274.1279,12.6846,17.7300,37.9649,604.7725,6.2776,62.7756,0.0628
75%,B_denominator_only,Case B — Excel B investment unchanged; PyPSA end-use denominator only,2029,30.0000,8.2238,274.1279,295.9041,15.0770,18.2700,41.5709,629.6967,6.6017,66.0173,0.0660
75%,B_denominator_only,Case B — Excel B investment unchanged; PyPSA end-use denominator only,2030,34.0000,8.8771,295.9041,321.0269,16.2747,18.8200,43.9718,654.6208,6.7171,67.1715,0.0672
75%,B_denominator_only,Case B — Excel B investment unchanged; PyPSA end-use denominator only,2031,34.0000,9.6308,321.0269,345.3961,17.6565,19.3600,46.6473,678.1760,6.8783,68.7835,0.0688
75%,B_denominator_only,Case B — Excel B investment unchanged; PyPSA end-use denominator only,2032,34.0000,10.3619,345.3961,369.0342,18.9968,19.9100,49.2687,701.7311,7.0210,70.2102,0.0702
75%,B_denominator_only,Case B — Excel B investment unchanged; PyPSA end-use denominator only,2033,34.0000,11.0710,369.0342,391.9632,20.2969,20.4500,51.8179,725.2862,7.1445,71.4448,0.0714
75%,B_denominator_only,Case B — Excel B investment unchanged; PyPSA end-use denominator only,2034,34.0000,11.7589,391.9632,414.2043,21.5580,21.0000,54.3169,748.8414,7.2535,72.5346,0.0725
75%,B_denominator_only,Case B — Excel B investment unchanged; PyPSA end-use denominator only,2035,34.0000,12.4261,414.2043,435.7782,22.7812,21.5500,56.7574,772.3965,7.3482,73.4822,0.0735
75%,B_denominator_only,Case B — Excel B investment unchanged; PyPSA end-use denominator only,2036,34.0000,13.0733,435.7782,456.7048,23.9678,22.0900,59.1311,795.9517,7.4290,74.2899,0.0743
75%,B_denominator_only,Case B — Excel B investment unchanged; PyPSA end-use denominator only,2037,34.0000,13.7011,456.7048,477.0037,25.1188,22.6400,61.4599,819.5068,7.4996,74.9962,0.0750
75%,B_denominator_only,Case B — Excel B investment unchanged; PyPSA end-use denominator only,2038,24.0000,14.3101,477.0037,486.6936,26.2352,23.1800,63.7253,843.0620,7.5588,75.5879,0.0756
75%,B_denominator_only,Case B — Excel B investment unchanged; PyPSA end-use denominator only,2039,24.0000,14.6008,486.6936,496.0928,26.7681,23.7300,65.0990,866.6171,7.5118,75.1185,0.0751
75%,B_denominator_only,Case B — Excel B investment unchanged; PyPSA end-use denominator only,2040,24.0000,14.8828,496.0928,505.2100,27.2851,24.2700,66.4379,890.1722,7.4635,74.6349,0.0746
75%,C_dso_capacity_all_inv,Case C — all Inv_base × (German DSO stock_s / stock_Build),2023,15.0000,5.5800,186.0000,195.4200,9.3744,15.0000,29.9544,510.0000,5.8734,58.7341,0.0587
75%,C_dso_capacity_all_inv,Case C — all Inv_base × (German DSO stock_s / stock_Build),2024,18.0000,5.8626,195.4200,207.5574,9.8492,15.5500,31.2618,520.0000,6.0119,60.1188,0.0601
75%,C_dso_capacity_all_inv,Case C — all Inv_base × (German DSO stock_s / stock_Build),2025,18.0000,6.2267,207.5574,219.3307,10.4609,16.0900,32.7776,530.0000,6.1845,61.8446,0.0618
75%,C_dso_capacity_all_inv,Case C — all Inv_base × (German DSO stock_s / stock_Build),2026,20.9351,6.5799,219.3307,233.6858,11.0543,16.6400,34.2742,554.9242,6.1764,61.7637,0.0618
75%,C_dso_capacity_all_inv,Case C — all Inv_base × (German DSO stock_s / stock_Build),2027,20.9351,7.0106,233.6858,247.6103,11.7778,17.1800,35.9683,579.8483,6.2031,62.0306,0.0620
75%,C_dso_capacity_all_inv,Case C — all Inv_base × (German DSO stock_s / stock_Build),2028,27.3066,7.4283,247.6103,267.4886,12.4796,17.7300,37.6379,604.7725,6.2235,62.2348,0.0622
75%,C_dso_capacity_all_inv,Case C — all Inv_base × (German DSO stock_s / stock_Build),2029,27.3066,8.0247,267.4886,286.7706,14.7119,18.2700,41.0065,629.6967,6.5121,65.1211,0.0651
75%,C_dso_capacity_all_inv,Case C — all Inv_base × (German DSO stock_s / stock_Build),2030,30.9475,8.6031,286.7706,309.1149,15.7724,18.8200,43.1955,654.6208,6.5986,65.9855,0.0660
75%,C_dso_capacity_all_inv,Case C — all Inv_base × (German DSO stock_s / stock_Build),2031,25.6418,9.2734,309.1149,325.4833,17.0013,19.3600,45.6348,678.1760,6.7290,67.2905,0.0673
75%,C_dso_capacity_all_inv,Case C — all Inv_base × (German DSO stock_s / stock_Build),2032,25.6418,9.7645,325.4833,341.3606,17.9016,19.9100,47.5761,701.7311,6.7798,67.7982,0.0678
75%,C_dso_capacity_all_inv,Case C — all Inv_base × (German DSO stock_s / stock_Build),2033,25.6418,10.2408,341.3606,356.7615,18.7748,20.4500,49.4656,725.2862,6.8202,68.2016,0.0682
75%,C_dso_capacity_all_inv,Case C — all Inv_base × (German DSO stock_s / stock_Build),2034,25.6418,10.7028,356.7615,371.7005,19.6219,21.0000,51.3247,748.8414,6.8539,68.5389,0.0685
75%,C_dso_capacity_all_inv,Case C — all Inv_base × (German DSO stock_s / stock_Build),2035,25.6418,11.1510,371.7005,386.1912,20.4435,21.5500,53.1445,772.3965,6.8805,68.8047,0.0688
75%,C_dso_capacity_all_inv,Case C — all Inv_base × (German DSO stock_s / stock_Build),2036,25.6418,11.5857,386.1912,400.2473,21.2405,22.0900,54.9163,795.9517,6.8994,68.9945,0.0690
75%,C_dso_capacity_all_inv,Case C — all Inv_base × (German DSO stock_s / stock_Build),2037,25.6418,12.0074,400.2473,413.8817,22.0136,22.6400,56.6610,819.5068,6.9140,69.1404,0.0691
75%,C_dso_capacity_all_inv,Case C — all Inv_base × (German DSO stock_s / stock_Build),2038,18.1001,12.4164,413.8817,419.5653,22.7635,23.1800,58.3599,843.0620,6.9224,69.2238,0.0692
75%,C_dso_capacity_all_inv,Case C — all Inv_base × (German DSO stock_s / stock_Build),2039,18.1001,12.5870,419.5653,425.0784,23.0761,23.7300,59.3930,866.6171,6.8534,68.5344,0.0685
75%,C_dso_capacity_all_inv,Case C — all Inv_base × (German DSO stock_s / stock_Build),2040,18.1001,12.7524,425.0784,430.4261,23.3793,24.2700,60.4017,890.1722,6.7854,67.8539,0.0679
75%,D_peak_flow_all_inv,Case D — all Inv_base × (German peak HV→LV_s / peak_Build),2023,15.0000,5.5800,186.0000,195.4200,9.3744,15.0000,29.9544,510.0000,5.8734,58.7341,0.0587
75%,D_peak_flow_all_inv,Case D — all Inv_base × (German peak HV→LV_s / peak_Build),2024,18.0000,5.8626,195.4200,207.5574,9.8492,15.5500,31.2618,520.0000,6.0119,60.1188,0.0601
75%,D_peak_flow_all_inv,Case D — all Inv_base × (German peak HV→LV_s / peak_Build),2025,18.0000,6.2267,207.5574,219.3307,10.4609,16.0900,32.7776,530.0000,6.1845,61.8446,0.0618
75%,D_peak_flow_all_inv,Case D — all Inv_base × (German peak HV→LV_s / peak_Build),2026,20.9351,6.5799,219.3307,233.6858,11.0543,16.6400,34.2742,554.9242,6.1764,61.7637,0.0618
75%,D_peak_flow_all_inv,Case D — all Inv_base × (German peak HV→LV_s / peak_Build),2027,20.9351,7.0106,233.6858,247.6104,11.7778,17.1800,35.9683,579.8483,6.2031,62.0306,0.0620
75%,D_peak_flow_all_inv,Case D — all Inv_base × (German peak HV→LV_s / peak_Build),2028,27.3066,7.4283,247.6104,267.4887,12.4796,17.7300,37.6379,604.7725,6.2235,62.2348,0.0622
75%,D_peak_flow_all_inv,Case D — all Inv_base × (German peak HV→LV_s / peak_Build),2029,27.3066,8.0247,267.4887,286.7707,14.7119,18.2700,41.0065,629.6967,6.5121,65.1211,0.0651
75%,D_peak_flow_all_inv,Case D — all Inv_base × (German peak HV→LV_s / peak_Build),2030,30.9475,8.6031,286.7707,309.1151,15.7724,18.8200,43.1955,654.6208,6.5986,65.9855,0.0660
75%,D_peak_flow_all_inv,Case D — all Inv_base × (German peak HV→LV_s / peak_Build),2031,25.6418,9.2735,309.1151,325.4834,17.0013,19.3600,45.6348,678.1760,6.7290,67.2905,0.0673
75%,D_peak_flow_all_inv,Case D — all Inv_base × (German peak HV→LV_s / peak_Build),2032,25.6418,9.7645,325.4834,341.3607,17.9016,19.9100,47.5761,701.7311,6.7798,67.7982,0.0678
75%,D_peak_flow_all_inv,Case D — all Inv_base × (German peak HV→LV_s / peak_Build),2033,25.6418,10.2408,341.3607,356.7616,18.7748,20.4500,49.4657,725.2862,6.8202,68.2016,0.0682
75%,D_peak_flow_all_inv,Case D — all Inv_base × (German peak HV→LV_s / peak_Build),2034,25.6418,10.7028,356.7616,371.7006,19.6219,21.0000,51.3247,748.8414,6.8539,68.5389,0.0685
75%,D_peak_flow_all_inv,Case D — all Inv_base × (German peak HV→LV_s / peak_Build),2035,25.6418,11.1510,371.7006,386.1914,20.4435,21.5500,53.1445,772.3965,6.8805,68.8047,0.0688
75%,D_peak_flow_all_inv,Case D — all Inv_base × (German peak HV→LV_s / peak_Build),2036,25.6418,11.5857,386.1914,400.2474,21.2405,22.0900,54.9163,795.9517,6.8994,68.9945,0.0690
75%,D_peak_flow_all_inv,Case D — all Inv_base × (German peak HV→LV_s / peak_Build),2037,25.6418,12.0074,400.2474,413.8818,22.0136,22.6400,56.6610,819.5068,6.9140,69.1404,0.0691
75%,D_peak_flow_all_inv,Case D — all Inv_base × (German peak HV→LV_s / peak_Build),2038,18.1001,12.4165,413.8818,419.5654,22.7635,23.1800,58.3599,843.0620,6.9224,69.2238,0.0692
75%,D_peak_flow_all_inv,Case D — all Inv_base × (German peak HV→LV_s / peak_Build),2039,18.1001,12.5870,419.5654,425.0785,23.0761,23.7300,59.3931,866.6171,6.8534,68.5344,0.0685
75%,D_peak_flow_all_inv,Case D — all Inv_base × (German peak HV→LV_s / peak_Build),2040,18.1001,12.7524,425.0785,430.4262,23.3793,24.2700,60.4017,890.1722,6.7854,67.8539,0.0679
75%,E_tso_dso_split,Case E — VNB share × DSO peak; ÜNB share × TSO stock GW-km (recommended),2023,15.0000,5.5800,186.0000,195.4200,9.3744,15.0000,29.9544,510.0000,5.8734,58.7341,0.0587
75%,E_tso_dso_split,Case E — VNB share × DSO peak; ÜNB share × TSO stock GW-km (recommended),2024,18.0000,5.8626,195.4200,207.5574,9.8492,15.5500,31.2618,520.0000,6.0119,60.1188,0.0601
75%,E_tso_dso_split,Case E — VNB share × DSO peak; ÜNB share × TSO stock GW-km (recommended),2025,18.0000,6.2267,207.5574,219.3307,10.4609,16.0900,32.7776,530.0000,6.1845,61.8446,0.0618
75%,E_tso_dso_split,Case E — VNB share × DSO peak; ÜNB share × TSO stock GW-km (recommended),2026,21.5403,6.5799,219.3307,234.2911,11.0543,16.6400,34.2742,554.9242,6.1764,61.7637,0.0618
75%,E_tso_dso_split,Case E — VNB share × DSO peak; ÜNB share × TSO stock GW-km (recommended),2027,21.5403,7.0287,234.2911,248.8027,11.8083,17.1800,36.0170,579.8483,6.2115,62.1145,0.0621
75%,E_tso_dso_split,Case E — VNB share × DSO peak; ÜNB share × TSO stock GW-km (recommended),2028,28.0961,7.4641,248.8027,269.4347,12.5397,17.7300,37.7337,604.7725,6.2393,62.3933,0.0624
75%,E_tso_dso_split,Case E — VNB share × DSO peak; ÜNB share × TSO stock GW-km (recommended),2029,28.0961,8.0830,269.4347,289.4478,14.8189,18.2700,41.1720,629.6967,6.5384,65.3838,0.0654
75%,E_tso_dso_split,Case E — VNB share × DSO peak; ÜNB share × TSO stock GW-km (recommended),2030,31.8423,8.6834,289.4478,312.6066,15.9196,18.8200,43.4231,654.6208,6.6333,66.3332,0.0663
75%,E_tso_dso_split,Case E — VNB share × DSO peak; ÜNB share × TSO stock GW-km (recommended),2031,29.7129,9.3782,312.6066,332.9413,17.1934,19.3600,45.9316,678.1760,6.7728,67.7281,0.0677
75%,E_tso_dso_split,Case E — VNB share × DSO peak; ÜNB share × TSO stock GW-km (recommended),2032,29.7129,9.9882,332.9413,352.6660,18.3118,19.9100,48.2100,701.7311,6.8702,68.7015,0.0687
75%,E_tso_dso_split,Case E — VNB share × DSO peak; ÜNB share × TSO stock GW-km (recommended),2033,29.7129,10.5800,352.6660,371.7989,19.3966,20.4500,50.4266,725.2862,6.9526,69.5265,0.0695
75%,E_tso_dso_split,Case E — VNB share × DSO peak; ÜNB share × TSO stock GW-km (recommended),2034,29.7129,11.1540,371.7989,390.3579,20.4489,21.0000,52.6029,748.8414,7.0246,70.2457,0.0702
75%,E_tso_dso_split,Case E — VNB share × DSO peak; ÜNB share × TSO stock GW-km (recommended),2035,29.7129,11.7107,390.3579,408.3600,21.4697,21.5500,54.7304,772.3965,7.0858,70.8579,0.0709
75%,E_tso_dso_split,Case E — VNB share × DSO peak; ÜNB share × TSO stock GW-km (recommended),2036,29.7129,12.2508,408.3600,425.8222,22.4598,22.0900,56.8006,795.9517,7.1362,71.3619,0.0714
75%,E_tso_dso_split,Case E — VNB share × DSO peak; ÜNB share × TSO stock GW-km (recommended),2037,29.7129,12.7747,425.8222,442.7604,23.4202,22.6400,58.8349,819.5068,7.1793,71.7930,0.0718
75%,E_tso_dso_split,Case E — VNB share × DSO peak; ÜNB share × TSO stock GW-km (recommended),2038,20.9738,13.2828,442.7604,450.4514,24.3518,23.1800,60.8146,843.0620,7.2135,72.1354,0.0721
75%,E_tso_dso_split,Case E — VNB share × DSO peak; ÜNB share × TSO stock GW-km (recommended),2039,20.9738,13.5135,450.4514,457.9117,24.7748,23.7300,62.0184,866.6171,7.1564,71.5638,0.0716
75%,E_tso_dso_split,Case E — VNB share × DSO peak; ÜNB share × TSO stock GW-km (recommended),2040,20.9738,13.7374,457.9117,465.1481,25.1851,24.2700,63.1925,890.1722,7.0989,70.9891,0.0710
75%,E_dso_only_tso_nep,Sensitivity — VNB share × DSO peak; ÜNB share left at Excel B (NEP TSO continues),2023,15.0000,5.5800,186.0000,195.4200,9.3744,15.0000,29.9544,510.0000,5.8734,58.7341,0.0587
75%,E_dso_only_tso_nep,Sensitivity — VNB share × DSO peak; ÜNB share left at Excel B (NEP TSO continues),2024,18.0000,5.8626,195.4200,207.5574,9.8492,15.5500,31.2618,520.0000,6.0119,60.1188,0.0601
75%,E_dso_only_tso_nep,Sensitivity — VNB share × DSO peak; ÜNB share left at Excel B (NEP TSO continues),2025,18.0000,6.2267,207.5574,219.3307,10.4609,16.0900,32.7776,530.0000,6.1845,61.8446,0.0618
75%,E_dso_only_tso_nep,Sensitivity — VNB share × DSO peak; ÜNB share left at Excel B (NEP TSO continues),2026,22.1306,6.5799,219.3307,234.8813,11.0543,16.6400,34.2742,554.9242,6.1764,61.7637,0.0618
75%,E_dso_only_tso_nep,Sensitivity — VNB share × DSO peak; ÜNB share left at Excel B (NEP TSO continues),2027,22.1306,7.0464,234.8813,249.9654,11.8380,17.1800,36.0645,579.8483,6.2196,62.1964,0.0622
75%,E_dso_only_tso_nep,Sensitivity — VNB share × DSO peak; ÜNB share left at Excel B (NEP TSO continues),2028,28.8660,7.4990,249.9654,271.3324,12.5983,17.7300,37.8272,604.7725,6.2548,62.5479,0.0625
75%,E_dso_only_tso_nep,Sensitivity — VNB share × DSO peak; ÜNB share left at Excel B (NEP TSO continues),2029,28.8660,8.1400,271.3324,292.0584,14.9233,18.2700,41.3333,629.6967,6.5640,65.6400,0.0656
75%,E_dso_only_tso_nep,Sensitivity — VNB share × DSO peak; ÜNB share left at Excel B (NEP TSO continues),2030,32.7147,8.7618,292.0584,316.0114,16.0632,18.8200,43.6450,654.6208,6.6672,66.6721,0.0667
75%,E_dso_only_tso_nep,Sensitivity — VNB share × DSO peak; ÜNB share left at Excel B (NEP TSO continues),2031,30.4808,9.4803,316.0114,337.0118,17.3806,19.3600,46.2210,678.1760,6.8155,68.1548,0.0682
75%,E_dso_only_tso_nep,Sensitivity — VNB share × DSO peak; ÜNB share left at Excel B (NEP TSO continues),2032,30.4808,10.1104,337.0118,357.3822,18.5356,19.9100,48.5560,701.7311,6.9195,69.1946,0.0692
75%,E_dso_only_tso_nep,Sensitivity — VNB share × DSO peak; ÜNB share left at Excel B (NEP TSO continues),2033,30.4808,10.7215,357.3822,377.1415,19.6560,20.4500,50.8275,725.2862,7.0079,70.0792,0.0701
75%,E_dso_only_tso_nep,Sensitivity — VNB share × DSO peak; ÜNB share left at Excel B (NEP TSO continues),2034,30.4808,11.3142,377.1415,396.3080,20.7428,21.0000,53.0570,748.8414,7.0852,70.8522,0.0709
75%,E_dso_only_tso_nep,Sensitivity — VNB share × DSO peak; ÜNB share left at Excel B (NEP TSO continues),2035,30.4808,11.8892,396.3080,414.8995,21.7969,21.5500,55.2362,772.3965,7.1513,71.5127,0.0715
75%,E_dso_only_tso_nep,Sensitivity — VNB share × DSO peak; ÜNB share left at Excel B (NEP TSO continues),2036,30.4808,12.4470,414.8995,432.9333,22.8195,22.0900,57.3565,795.9517,7.2060,72.0602,0.0721
75%,E_dso_only_tso_nep,Sensitivity — VNB share × DSO peak; ÜNB share left at Excel B (NEP TSO continues),2037,30.4808,12.9880,432.9333,450.4260,23.8113,22.6400,59.4393,819.5068,7.2531,72.5306,0.0725
75%,E_dso_only_tso_nep,Sensitivity — VNB share × DSO peak; ÜNB share left at Excel B (NEP TSO continues),2038,21.5158,13.5128,450.4260,458.4291,24.7734,23.1800,61.4662,843.0620,7.2908,72.9083,0.0729
75%,E_dso_only_tso_nep,Sensitivity — VNB share × DSO peak; ÜNB share left at Excel B (NEP TSO continues),2039,21.5158,13.7529,458.4291,466.1920,25.2136,23.7300,62.6965,866.6171,7.2346,72.3462,0.0723
75%,E_dso_only_tso_nep,Sensitivity — VNB share × DSO peak; ÜNB share left at Excel B (NEP TSO continues),2040,21.5158,13.9858,466.1920,473.7221,25.6406,24.2700,63.8963,890.1722,7.1780,71.7797,0.0718
75%,E_tso_new_volume,Sensitivity — VNB × DSO peak; ÜNB × TSO *new* GW-km (not recommended),2023,15.0000,5.5800,186.0000,195.4200,9.3744,15.0000,29.9544,510.0000,5.8734,58.7341,0.0587
75%,E_tso_new_volume,Sensitivity — VNB × DSO peak; ÜNB × TSO *new* GW-km (not recommended),2024,18.0000,5.8626,195.4200,207.5574,9.8492,15.5500,31.2618,520.0000,6.0119,60.1188,0.0601
75%,E_tso_new_volume,Sensitivity — VNB × DSO peak; ÜNB × TSO *new* GW-km (not recommended),2025,18.0000,6.2267,207.5574,219.3307,10.4609,16.0900,32.7776,530.0000,6.1845,61.8446,0.0618
75%,E_tso_new_volume,Sensitivity — VNB × DSO peak; ÜNB × TSO *new* GW-km (not recommended),2026,17.6435,6.5799,219.3307,230.3943,11.0543,16.6400,34.2742,554.9242,6.1764,61.7637,0.0618
75%,E_tso_new_volume,Sensitivity — VNB × DSO peak; ÜNB × TSO *new* GW-km (not recommended),2027,17.6435,6.9118,230.3943,241.1260,11.6119,17.1800,35.7037,579.8483,6.1574,61.5742,0.0616
75%,E_tso_new_volume,Sensitivity — VNB × DSO peak; ÜNB × TSO *new* GW-km (not recommended),2028,23.0133,7.2338,241.1260,256.9055,12.1528,17.7300,37.1165,604.7725,6.1373,61.3727,0.0614
75%,E_tso_new_volume,Sensitivity — VNB × DSO peak; ÜNB × TSO *new* GW-km (not recommended),2029,23.0133,7.7072,256.9055,272.2117,14.1298,18.2700,40.1070,629.6967,6.3693,63.6925,0.0637
75%,E_tso_new_volume,Sensitivity — VNB × DSO peak; ÜNB × TSO *new* GW-km (not recommended),2030,26.0818,8.1664,272.2117,290.1271,14.9716,18.8200,41.9580,654.6208,6.4095,64.0951,0.0641
75%,E_tso_new_volume,Sensitivity — VNB × DSO peak; ÜNB × TSO *new* GW-km (not recommended),2031,28.5497,8.7038,290.1271,309.9730,15.9570,19.3600,44.0208,678.1760,6.4911,64.9106,0.0649
75%,E_tso_new_volume,Sensitivity — VNB × DSO peak; ÜNB × TSO *new* GW-km (not recommended),2032,28.5497,9.2992,309.9730,329.2235,17.0485,19.9100,46.2577,701.7311,6.5919,65.9194,0.0659
75%,E_tso_new_volume,Sensitivity — VNB × DSO peak; ÜNB × TSO *new* GW-km (not recommended),2033,28.5497,9.8767,329.2235,347.8965,18.1073,20.4500,48.4340,725.2862,6.6779,66.7791,0.0668
75%,E_tso_new_volume,Sensitivity — VNB × DSO peak; ÜNB × TSO *new* GW-km (not recommended),2034,28.5497,10.4369,347.8965,366.0093,19.1343,21.0000,50.5712,748.8414,6.7533,67.5326,0.0675
75%,E_tso_new_volume,Sensitivity — VNB × DSO peak; ÜNB × TSO *new* GW-km (not recommended),2035,28.5497,10.9803,366.0093,383.5787,20.1305,21.5500,52.6608,772.3965,6.8178,68.1784,0.0682
75%,E_tso_new_volume,Sensitivity — VNB × DSO peak; ÜNB × TSO *new* GW-km (not recommended),2036,28.5497,11.5074,383.5787,400.6211,21.0968,22.0900,54.6942,795.9517,6.8715,68.7155,0.0687
75%,E_tso_new_volume,Sensitivity — VNB × DSO peak; ÜNB × TSO *new* GW-km (not recommended),2037,28.5497,12.0186,400.6211,417.1521,22.0342,22.6400,56.6928,819.5068,6.9179,69.1792,0.0692
75%,E_tso_new_volume,Sensitivity — VNB × DSO peak; ÜNB × TSO *new* GW-km (not recommended),2038,20.1527,12.5146,417.1521,424.7903,22.9434,23.1800,58.6379,843.0620,6.9554,69.5535,0.0696
75%,E_tso_new_volume,Sensitivity — VNB × DSO peak; ÜNB × TSO *new* GW-km (not recommended),2039,20.1527,12.7437,424.7903,432.1993,23.3635,23.7300,59.8372,866.6171,6.9047,69.0468,0.0690
75%,E_tso_new_volume,Sensitivity — VNB × DSO peak; ÜNB × TSO *new* GW-km (not recommended),2040,20.1527,12.9660,432.1993,439.3861,23.7710,24.2700,61.0069,890.1722,6.8534,68.5339,0.0685
65%,A_demand_scaled,Case A — Excel method: Inv × (end-use_s / end-use_Build),2023,15.0000,5.5800,186.0000,195.4200,9.3744,15.0000,29.9544,510.0000,5.8734,58.7341,0.0587
65%,A_demand_scaled,Case A — Excel method: Inv × (end-use_s / end-use_Build),2024,18.0000,5.8626,195.4200,207.5574,9.8492,15.5500,31.2618,520.0000,6.0119,60.1188,0.0601
65%,A_demand_scaled,Case A — Excel method: Inv × (end-use_s / end-use_Build),2025,18.0000,6.2267,207.5574,219.3307,10.4609,16.0900,32.7776,530.0000,6.1845,61.8446,0.0618
65%,A_demand_scaled,Case A — Excel method: Inv × (end-use_s / end-use_Build),2026,22.1498,6.5799,219.3307,234.9005,11.0543,16.6400,34.2742,549.2610,6.2401,62.4005,0.0624
65%,A_demand_scaled,Case A — Excel method: Inv × (end-use_s / end-use_Build),2027,22.1498,7.0470,234.9005,250.0032,11.8390,17.1800,36.0660,568.5220,6.3438,63.4382,0.0634
65%,A_demand_scaled,Case A — Excel method: Inv × (end-use_s / end-use_Build),2028,28.8910,7.5001,250.0032,271.3941,12.6002,17.7300,37.8303,587.7830,6.4361,64.3609,0.0644
65%,A_demand_scaled,Case A — Excel method: Inv × (end-use_s / end-use_Build),2029,28.8910,8.1418,271.3941,292.1433,14.9267,18.2700,41.3385,607.0440,6.8098,68.0980,0.0681
65%,A_demand_scaled,Case A — Excel method: Inv × (end-use_s / end-use_Build),2030,32.7431,8.7643,292.1433,316.1221,16.0679,18.8200,43.6522,626.3049,6.9698,69.6980,0.0697
65%,A_demand_scaled,Case A — Excel method: Inv × (end-use_s / end-use_Build),2031,29.9144,9.4837,316.1221,336.5529,17.3867,19.3600,46.2304,647.2369,7.1427,71.4273,0.0714
65%,A_demand_scaled,Case A — Excel method: Inv × (end-use_s / end-use_Build),2032,29.9144,10.0966,336.5529,356.3707,18.5104,19.9100,48.5170,668.1688,7.2612,72.6119,0.0726
65%,A_demand_scaled,Case A — Excel method: Inv × (end-use_s / end-use_Build),2033,29.9144,10.6911,356.3707,375.5940,19.6004,20.4500,50.7415,689.1007,7.3634,73.6344,0.0736
65%,A_demand_scaled,Case A — Excel method: Inv × (end-use_s / end-use_Build),2034,29.9144,11.2678,375.5940,394.2407,20.6577,21.0000,52.9255,710.0326,7.4540,74.5395,0.0745
65%,A_demand_scaled,Case A — Excel method: Inv × (end-use_s / end-use_Build),2035,29.9144,11.8272,394.2407,412.3279,21.6832,21.5500,55.0605,730.9645,7.5326,75.3258,0.0753
65%,A_demand_scaled,Case A — Excel method: Inv × (end-use_s / end-use_Build),2036,29.9144,12.3698,412.3279,429.8725,22.6780,22.0900,57.1379,751.8964,7.5992,75.9917,0.0760
65%,A_demand_scaled,Case A — Excel method: Inv × (end-use_s / end-use_Build),2037,29.9144,12.8962,429.8725,446.8907,23.6430,22.6400,59.1792,772.8283,7.6575,76.5748,0.0766
65%,A_demand_scaled,Case A — Excel method: Inv × (end-use_s / end-use_Build),2038,21.1161,13.4067,446.8907,454.6001,24.5790,23.1800,61.1657,793.7602,7.7058,77.0582,0.0771
65%,A_demand_scaled,Case A — Excel method: Inv × (end-use_s / end-use_Build),2039,21.1161,13.6380,454.6001,462.0782,25.0030,23.7300,62.3710,814.6922,7.6558,76.5578,0.0766
65%,A_demand_scaled,Case A — Excel method: Inv × (end-use_s / end-use_Build),2040,21.1161,13.8623,462.0782,469.3319,25.4143,24.2700,63.5466,835.6241,7.6047,76.0469,0.0760
65%,B_denominator_only,Case B — Excel B investment unchanged; PyPSA end-use denominator only,2023,15.0000,5.5800,186.0000,195.4200,9.3744,15.0000,29.9544,510.0000,5.8734,58.7341,0.0587
65%,B_denominator_only,Case B — Excel B investment unchanged; PyPSA end-use denominator only,2024,18.0000,5.8626,195.4200,207.5574,9.8492,15.5500,31.2618,520.0000,6.0119,60.1188,0.0601
65%,B_denominator_only,Case B — Excel B investment unchanged; PyPSA end-use denominator only,2025,18.0000,6.2267,207.5574,219.3307,10.4609,16.0900,32.7776,530.0000,6.1845,61.8446,0.0618
65%,B_denominator_only,Case B — Excel B investment unchanged; PyPSA end-use denominator only,2026,23.0000,6.5799,219.3307,235.7508,11.0543,16.6400,34.2742,549.2610,6.2401,62.4005,0.0624
65%,B_denominator_only,Case B — Excel B investment unchanged; PyPSA end-use denominator only,2027,23.0000,7.0725,235.7508,251.6782,11.8818,17.1800,36.1344,568.5220,6.3558,63.5584,0.0636
65%,B_denominator_only,Case B — Excel B investment unchanged; PyPSA end-use denominator only,2028,30.0000,7.5503,251.6782,274.1279,12.6846,17.7300,37.9649,587.7830,6.4590,64.5900,0.0646
65%,B_denominator_only,Case B — Excel B investment unchanged; PyPSA end-use denominator only,2029,30.0000,8.2238,274.1279,295.9041,15.0770,18.2700,41.5709,607.0440,6.8481,68.4808,0.0685
65%,B_denominator_only,Case B — Excel B investment unchanged; PyPSA end-use denominator only,2030,34.0000,8.8771,295.9041,321.0269,16.2747,18.8200,43.9718,626.3049,7.0208,70.2084,0.0702
65%,B_denominator_only,Case B — Excel B investment unchanged; PyPSA end-use denominator only,2031,34.0000,9.6308,321.0269,345.3961,17.6565,19.3600,46.6473,647.2369,7.2071,72.0714,0.0721
65%,B_denominator_only,Case B — Excel B investment unchanged; PyPSA end-use denominator only,2032,34.0000,10.3619,345.3961,369.0342,18.9968,19.9100,49.2687,668.1688,7.3737,73.7369,0.0737
65%,B_denominator_only,Case B — Excel B investment unchanged; PyPSA end-use denominator only,2033,34.0000,11.0710,369.0342,391.9632,20.2969,20.4500,51.8179,689.1007,7.5196,75.1964,0.0752
65%,B_denominator_only,Case B — Excel B investment unchanged; PyPSA end-use denominator only,2034,34.0000,11.7589,391.9632,414.2043,21.5580,21.0000,54.3169,710.0326,7.6499,76.4991,0.0765
65%,B_denominator_only,Case B — Excel B investment unchanged; PyPSA end-use denominator only,2035,34.0000,12.4261,414.2043,435.7782,22.7812,21.5500,56.7574,730.9645,7.7647,77.6472,0.0776
65%,B_denominator_only,Case B — Excel B investment unchanged; PyPSA end-use denominator only,2036,34.0000,13.0733,435.7782,456.7048,23.9678,22.0900,59.1311,751.8964,7.8643,78.6427,0.0786
65%,B_denominator_only,Case B — Excel B investment unchanged; PyPSA end-use denominator only,2037,34.0000,13.7011,456.7048,477.0037,25.1188,22.6400,61.4599,772.8283,7.9526,79.5260,0.0795
65%,B_denominator_only,Case B — Excel B investment unchanged; PyPSA end-use denominator only,2038,24.0000,14.3101,477.0037,486.6936,26.2352,23.1800,63.7253,793.7602,8.0283,80.2828,0.0803
65%,B_denominator_only,Case B — Excel B investment unchanged; PyPSA end-use denominator only,2039,24.0000,14.6008,486.6936,496.0928,26.7681,23.7300,65.0990,814.6922,7.9906,79.9062,0.0799
65%,B_denominator_only,Case B — Excel B investment unchanged; PyPSA end-use denominator only,2040,24.0000,14.8828,496.0928,505.2100,27.2851,24.2700,66.4379,835.6241,7.9507,79.5069,0.0795
65%,C_dso_capacity_all_inv,Case C — all Inv_base × (German DSO stock_s / stock_Build),2023,15.0000,5.5800,186.0000,195.4200,9.3744,15.0000,29.9544,510.0000,5.8734,58.7341,0.0587
65%,C_dso_capacity_all_inv,Case C — all Inv_base × (German DSO stock_s / stock_Build),2024,18.0000,5.8626,195.4200,207.5574,9.8492,15.5500,31.2618,520.0000,6.0119,60.1188,0.0601
65%,C_dso_capacity_all_inv,Case C — all Inv_base × (German DSO stock_s / stock_Build),2025,18.0000,6.2267,207.5574,219.3307,10.4609,16.0900,32.7776,530.0000,6.1845,61.8446,0.0618
65%,C_dso_capacity_all_inv,Case C — all Inv_base × (German DSO stock_s / stock_Build),2026,18.3629,6.5799,219.3307,231.1136,11.0543,16.6400,34.2742,549.2610,6.2401,62.4005,0.0624
65%,C_dso_capacity_all_inv,Case C — all Inv_base × (German DSO stock_s / stock_Build),2027,18.3629,6.9334,231.1136,242.5431,11.6481,17.1800,35.7615,568.5220,6.2903,62.9026,0.0629
65%,C_dso_capacity_all_inv,Case C — all Inv_base × (German DSO stock_s / stock_Build),2028,23.9516,7.2763,242.5431,259.2184,12.2242,17.7300,37.2305,587.7830,6.3340,63.3405,0.0633
65%,C_dso_capacity_all_inv,Case C — all Inv_base × (German DSO stock_s / stock_Build),2029,23.9516,7.7766,259.2184,275.3934,14.2570,18.2700,40.3036,607.0440,6.6393,66.3932,0.0664
65%,C_dso_capacity_all_inv,Case C — all Inv_base × (German DSO stock_s / stock_Build),2030,27.1451,8.2618,275.3934,294.2767,15.1466,18.8200,42.2284,626.3049,6.7425,67.4247,0.0674
65%,C_dso_capacity_all_inv,Case C — all Inv_base × (German DSO stock_s / stock_Build),2031,22.2147,8.8283,294.2767,307.6631,16.1852,19.3600,44.3735,647.2369,6.8558,68.5584,0.0686
65%,C_dso_capacity_all_inv,Case C — all Inv_base × (German DSO stock_s / stock_Build),2032,22.2147,9.2299,307.6631,320.6479,16.9215,19.9100,46.0614,668.1688,6.8937,68.9367,0.0689
65%,C_dso_capacity_all_inv,Case C — all Inv_base × (German DSO stock_s / stock_Build),2033,22.2147,9.6194,320.6479,333.2431,17.6356,20.4500,47.7051,689.1007,6.9228,69.2280,0.0692
65%,C_dso_capacity_all_inv,Case C — all Inv_base × (German DSO stock_s / stock_Build),2034,22.2147,9.9973,333.2431,345.4605,18.3284,21.0000,49.3257,710.0326,6.9470,69.4696,0.0695
65%,C_dso_capacity_all_inv,Case C — all Inv_base × (German DSO stock_s / stock_Build),2035,22.2147,10.3638,345.4605,357.3114,19.0003,21.5500,50.9141,730.9645,6.9653,69.6534,0.0697
65%,C_dso_capacity_all_inv,Case C — all Inv_base × (German DSO stock_s / stock_Build),2036,22.2147,10.7193,357.3114,368.8067,19.6521,22.0900,52.4615,751.8964,6.9772,69.7722,0.0698
65%,C_dso_capacity_all_inv,Case C — all Inv_base × (German DSO stock_s / stock_Build),2037,22.2147,11.0642,368.8067,379.9572,20.2844,22.6400,53.9886,772.8283,6.9858,69.8584,0.0699
65%,C_dso_capacity_all_inv,Case C — all Inv_base × (German DSO stock_s / stock_Build),2038,15.6810,11.3987,379.9572,384.2395,20.8976,23.1800,55.4764,793.7602,6.9891,69.8906,0.0699
65%,C_dso_capacity_all_inv,Case C — all Inv_base × (German DSO stock_s / stock_Build),2039,15.6810,11.5272,384.2395,388.3932,21.1332,23.7300,56.3904,814.6922,6.9217,69.2168,0.0692
65%,C_dso_capacity_all_inv,Case C — all Inv_base × (German DSO stock_s / stock_Build),2040,15.6810,11.6518,388.3932,392.4224,21.3616,24.2700,57.2834,835.6241,6.8552,68.5517,0.0686
65%,D_peak_flow_all_inv,Case D — all Inv_base × (German peak HV→LV_s / peak_Build),2023,15.0000,5.5800,186.0000,195.4200,9.3744,15.0000,29.9544,510.0000,5.8734,58.7341,0.0587
65%,D_peak_flow_all_inv,Case D — all Inv_base × (German peak HV→LV_s / peak_Build),2024,18.0000,5.8626,195.4200,207.5574,9.8492,15.5500,31.2618,520.0000,6.0119,60.1188,0.0601
65%,D_peak_flow_all_inv,Case D — all Inv_base × (German peak HV→LV_s / peak_Build),2025,18.0000,6.2267,207.5574,219.3307,10.4609,16.0900,32.7776,530.0000,6.1845,61.8446,0.0618
65%,D_peak_flow_all_inv,Case D — all Inv_base × (German peak HV→LV_s / peak_Build),2026,18.3629,6.5799,219.3307,231.1136,11.0543,16.6400,34.2742,549.2610,6.2401,62.4005,0.0624
65%,D_peak_flow_all_inv,Case D — all Inv_base × (German peak HV→LV_s / peak_Build),2027,18.3629,6.9334,231.1136,242.5431,11.6481,17.1800,35.7615,568.5220,6.2903,62.9026,0.0629
65%,D_peak_flow_all_inv,Case D — all Inv_base × (German peak HV→LV_s / peak_Build),2028,23.9516,7.2763,242.5431,259.2184,12.2242,17.7300,37.2305,587.7830,6.3341,63.3405,0.0633
65%,D_peak_flow_all_inv,Case D — all Inv_base × (German peak HV→LV_s / peak_Build),2029,23.9516,7.7766,259.2184,275.3935,14.2570,18.2700,40.3036,607.0440,6.6393,66.3932,0.0664
65%,D_peak_flow_all_inv,Case D — all Inv_base × (German peak HV→LV_s / peak_Build),2030,27.1451,8.2618,275.3935,294.2768,15.1466,18.8200,42.2284,626.3049,6.7425,67.4247,0.0674
65%,D_peak_flow_all_inv,Case D — all Inv_base × (German peak HV→LV_s / peak_Build),2031,22.2147,8.8283,294.2768,307.6632,16.1852,19.3600,44.3735,647.2369,6.8558,68.5584,0.0686
65%,D_peak_flow_all_inv,Case D — all Inv_base × (German peak HV→LV_s / peak_Build),2032,22.2147,9.2299,307.6632,320.6480,16.9215,19.9100,46.0614,668.1688,6.8937,68.9367,0.0689
65%,D_peak_flow_all_inv,Case D — all Inv_base × (German peak HV→LV_s / peak_Build),2033,22.2147,9.6194,320.6480,333.2432,17.6356,20.4500,47.7051,689.1007,6.9228,69.2280,0.0692
65%,D_peak_flow_all_inv,Case D — all Inv_base × (German peak HV→LV_s / peak_Build),2034,22.2147,9.9973,333.2432,345.4606,18.3284,21.0000,49.3257,710.0326,6.9470,69.4696,0.0695
65%,D_peak_flow_all_inv,Case D — all Inv_base × (German peak HV→LV_s / peak_Build),2035,22.2147,10.3638,345.4606,357.3115,19.0003,21.5500,50.9142,730.9645,6.9653,69.6534,0.0697
65%,D_peak_flow_all_inv,Case D — all Inv_base × (German peak HV→LV_s / peak_Build),2036,22.2147,10.7193,357.3115,368.8069,19.6521,22.0900,52.4615,751.8964,6.9772,69.7722,0.0698
65%,D_peak_flow_all_inv,Case D — all Inv_base × (German peak HV→LV_s / peak_Build),2037,22.2147,11.0642,368.8069,379.9573,20.2844,22.6400,53.9886,772.8283,6.9858,69.8584,0.0699
65%,D_peak_flow_all_inv,Case D — all Inv_base × (German peak HV→LV_s / peak_Build),2038,15.6810,11.3987,379.9573,384.2396,20.8977,23.1800,55.4764,793.7602,6.9891,69.8906,0.0699
65%,D_peak_flow_all_inv,Case D — all Inv_base × (German peak HV→LV_s / peak_Build),2039,15.6810,11.5272,384.2396,388.3933,21.1332,23.7300,56.3904,814.6922,6.9217,69.2168,0.0692
65%,D_peak_flow_all_inv,Case D — all Inv_base × (German peak HV→LV_s / peak_Build),2040,15.6810,11.6518,388.3933,392.4225,21.3616,24.2700,57.2834,835.6241,6.8552,68.5517,0.0686
65%,E_tso_dso_split,Case E — VNB share × DSO peak; ÜNB share × TSO stock GW-km (recommended),2023,15.0000,5.5800,186.0000,195.4200,9.3744,15.0000,29.9544,510.0000,5.8734,58.7341,0.0587
65%,E_tso_dso_split,Case E — VNB share × DSO peak; ÜNB share × TSO stock GW-km (recommended),2024,18.0000,5.8626,195.4200,207.5574,9.8492,15.5500,31.2618,520.0000,6.0119,60.1188,0.0601
65%,E_tso_dso_split,Case E — VNB share × DSO peak; ÜNB share × TSO stock GW-km (recommended),2025,18.0000,6.2267,207.5574,219.3307,10.4609,16.0900,32.7776,530.0000,6.1845,61.8446,0.0618
65%,E_tso_dso_split,Case E — VNB share × DSO peak; ÜNB share × TSO stock GW-km (recommended),2026,19.8304,6.5799,219.3307,232.5811,11.0543,16.6400,34.2742,549.2610,6.2401,62.4005,0.0624
65%,E_tso_dso_split,Case E — VNB share × DSO peak; ÜNB share × TSO stock GW-km (recommended),2027,19.8304,6.9774,232.5811,245.4341,11.7221,17.1800,35.8795,568.5220,6.3110,63.1102,0.0631
65%,E_tso_dso_split,Case E — VNB share × DSO peak; ÜNB share × TSO stock GW-km (recommended),2028,25.8657,7.3630,245.4341,263.9368,12.3699,17.7300,37.4629,587.7830,6.3736,63.7359,0.0637
65%,E_tso_dso_split,Case E — VNB share × DSO peak; ÜNB share × TSO stock GW-km (recommended),2029,25.8657,7.9181,263.9368,281.8844,14.5165,18.2700,40.7046,607.0440,6.7054,67.0538,0.0671
65%,E_tso_dso_split,Case E — VNB share × DSO peak; ÜNB share × TSO stock GW-km (recommended),2030,29.3145,8.4565,281.8844,302.7423,15.5036,18.8200,42.7802,626.3049,6.8306,68.3057,0.0683
65%,E_tso_dso_split,Case E — VNB share × DSO peak; ÜNB share × TSO stock GW-km (recommended),2031,27.0961,9.0823,302.7423,320.7562,16.6508,19.3600,45.0931,647.2369,6.9670,69.6702,0.0697
65%,E_tso_dso_split,Case E — VNB share × DSO peak; ÜNB share × TSO stock GW-km (recommended),2032,27.0961,9.6227,320.7562,338.2296,17.6416,19.9100,47.1743,668.1688,7.0602,70.6023,0.0706
65%,E_tso_dso_split,Case E — VNB share × DSO peak; ÜNB share × TSO stock GW-km (recommended),2033,27.0961,10.1469,338.2296,355.1788,18.6026,20.4500,49.1995,689.1007,7.1397,71.3967,0.0714
65%,E_tso_dso_split,Case E — VNB share × DSO peak; ÜNB share × TSO stock GW-km (recommended),2034,27.0961,10.6554,355.1788,371.6196,19.5348,21.0000,51.1902,710.0326,7.2096,72.0956,0.0721
65%,E_tso_dso_split,Case E — VNB share × DSO peak; ÜNB share × TSO stock GW-km (recommended),2035,27.0961,11.1486,371.6196,387.5671,20.4391,21.5500,53.1377,730.9645,7.2695,72.6953,0.0727
65%,E_tso_dso_split,Case E — VNB share × DSO peak; ÜNB share × TSO stock GW-km (recommended),2036,27.0961,11.6270,387.5671,403.0362,21.3162,22.0900,55.0332,751.8964,7.3193,73.1925,0.0732
65%,E_tso_dso_split,Case E — VNB share × DSO peak; ÜNB share × TSO stock GW-km (recommended),2037,27.0961,12.0911,403.0362,418.0412,22.1670,22.6400,56.8981,772.8283,7.3623,73.6232,0.0736
65%,E_tso_dso_split,Case E — VNB share × DSO peak; ÜNB share × TSO stock GW-km (recommended),2038,19.1267,12.5412,418.0412,424.6266,22.9923,23.1800,58.7135,793.7602,7.3969,73.9688,0.0740
65%,E_tso_dso_split,Case E — VNB share × DSO peak; ÜNB share × TSO stock GW-km (recommended),2039,19.1267,12.7388,424.6266,431.0145,23.3545,23.7300,59.8233,814.6922,7.3431,73.4305,0.0734
65%,E_tso_dso_split,Case E — VNB share × DSO peak; ÜNB share × TSO stock GW-km (recommended),2040,19.1267,12.9304,431.0145,437.2107,23.7058,24.2700,60.9062,835.6241,7.2887,72.8871,0.0729
65%,E_dso_only_tso_nep,Sensitivity — VNB share × DSO peak; ÜNB share left at Excel B (NEP TSO continues),2023,15.0000,5.5800,186.0000,195.4200,9.3744,15.0000,29.9544,510.0000,5.8734,58.7341,0.0587
65%,E_dso_only_tso_nep,Sensitivity — VNB share × DSO peak; ÜNB share left at Excel B (NEP TSO continues),2024,18.0000,5.8626,195.4200,207.5574,9.8492,15.5500,31.2618,520.0000,6.0119,60.1188,0.0601
65%,E_dso_only_tso_nep,Sensitivity — VNB share × DSO peak; ÜNB share left at Excel B (NEP TSO continues),2025,18.0000,6.2267,207.5574,219.3307,10.4609,16.0900,32.7776,530.0000,6.1845,61.8446,0.0618
65%,E_dso_only_tso_nep,Sensitivity — VNB share × DSO peak; ÜNB share left at Excel B (NEP TSO continues),2026,21.0475,6.5799,219.3307,233.7983,11.0543,16.6400,34.2742,549.2610,6.2401,62.4005,0.0624
65%,E_dso_only_tso_nep,Sensitivity — VNB share × DSO peak; ÜNB share left at Excel B (NEP TSO continues),2027,21.0475,7.0139,233.7983,247.8319,11.7834,17.1800,35.9774,568.5220,6.3282,63.2823,0.0633
65%,E_dso_only_tso_nep,Sensitivity — VNB share × DSO peak; ÜNB share left at Excel B (NEP TSO continues),2028,27.4533,7.4350,247.8319,267.8502,12.4907,17.7300,37.6557,587.7830,6.4064,64.0639,0.0641
65%,E_dso_only_tso_nep,Sensitivity — VNB share × DSO peak; ÜNB share left at Excel B (NEP TSO continues),2029,27.4533,8.0355,267.8502,287.2680,14.7318,18.2700,41.0373,607.0440,6.7602,67.6018,0.0676
65%,E_dso_only_tso_nep,Sensitivity — VNB share × DSO peak; ÜNB share left at Excel B (NEP TSO continues),2030,31.1137,8.6180,287.2680,309.7637,15.7997,18.8200,43.2378,626.3049,6.9036,69.0363,0.0690
65%,E_dso_only_tso_nep,Sensitivity — VNB share × DSO peak; ÜNB share left at Excel B (NEP TSO continues),2031,29.0378,9.2929,309.7637,329.5086,17.0370,19.3600,45.6899,647.2369,7.0592,70.5923,0.0706
65%,E_dso_only_tso_nep,Sensitivity — VNB share × DSO peak; ÜNB share left at Excel B (NEP TSO continues),2032,29.0378,9.8853,329.5086,348.6611,18.1230,19.9100,47.9182,668.1688,7.1716,71.7158,0.0717
65%,E_dso_only_tso_nep,Sensitivity — VNB share × DSO peak; ÜNB share left at Excel B (NEP TSO continues),2033,29.0378,10.4598,348.6611,367.2390,19.1764,20.4500,50.0862,689.1007,7.2683,72.6834,0.0727
65%,E_dso_only_tso_nep,Sensitivity — VNB share × DSO peak; ÜNB share left at Excel B (NEP TSO continues),2034,29.0378,11.0172,367.2390,385.2596,20.1981,21.0000,52.2153,710.0326,7.3539,73.5393,0.0735
65%,E_dso_only_tso_nep,Sensitivity — VNB share × DSO peak; ÜNB share left at Excel B (NEP TSO continues),2035,29.0378,11.5578,385.2596,402.7396,21.1893,21.5500,54.2971,730.9645,7.4281,74.2814,0.0743
65%,E_dso_only_tso_nep,Sensitivity — VNB share × DSO peak; ÜNB share left at Excel B (NEP TSO continues),2036,29.0378,12.0822,402.7396,419.6952,22.1507,22.0900,56.3229,751.8964,7.4908,74.9077,0.0749
65%,E_dso_only_tso_nep,Sensitivity — VNB share × DSO peak; ÜNB share left at Excel B (NEP TSO continues),2037,29.0378,12.5909,419.6952,436.1421,23.0832,22.6400,58.3141,772.8283,7.5455,75.4554,0.0755
65%,E_dso_only_tso_nep,Sensitivity — VNB share × DSO peak; ÜNB share left at Excel B (NEP TSO continues),2038,20.4972,13.0843,436.1421,443.5551,23.9878,23.1800,60.2521,793.7602,7.5907,75.9071,0.0759
65%,E_dso_only_tso_nep,Sensitivity — VNB share × DSO peak; ÜNB share left at Excel B (NEP TSO continues),2039,20.4972,13.3067,443.5551,450.7456,24.3955,23.7300,61.4322,814.6922,7.5405,75.4054,0.0754
65%,E_dso_only_tso_nep,Sensitivity — VNB share × DSO peak; ÜNB share left at Excel B (NEP TSO continues),2040,20.4972,13.5224,450.7456,457.7205,24.7910,24.2700,62.5834,835.6241,7.4894,74.8942,0.0749
65%,E_tso_new_volume,Sensitivity — VNB × DSO peak; ÜNB × TSO *new* GW-km (not recommended),2023,15.0000,5.5800,186.0000,195.4200,9.3744,15.0000,29.9544,510.0000,5.8734,58.7341,0.0587
65%,E_tso_new_volume,Sensitivity — VNB × DSO peak; ÜNB × TSO *new* GW-km (not recommended),2024,18.0000,5.8626,195.4200,207.5574,9.8492,15.5500,31.2618,520.0000,6.0119,60.1188,0.0601
65%,E_tso_new_volume,Sensitivity — VNB × DSO peak; ÜNB × TSO *new* GW-km (not recommended),2025,18.0000,6.2267,207.5574,219.3307,10.4609,16.0900,32.7776,530.0000,6.1845,61.8446,0.0618
65%,E_tso_new_volume,Sensitivity — VNB × DSO peak; ÜNB × TSO *new* GW-km (not recommended),2026,11.7943,6.5799,219.3307,224.5451,11.0543,16.6400,34.2742,549.2610,6.2401,62.4005,0.0624
65%,E_tso_new_volume,Sensitivity — VNB × DSO peak; ÜNB × TSO *new* GW-km (not recommended),2027,11.7943,6.7364,224.5451,229.6030,11.3171,17.1800,35.2334,568.5220,6.1974,61.9737,0.0620
65%,E_tso_new_volume,Sensitivity — VNB × DSO peak; ÜNB × TSO *new* GW-km (not recommended),2028,15.3839,6.8881,229.6030,238.0988,11.5720,17.7300,36.1901,587.7830,6.1570,61.5705,0.0616
65%,E_tso_new_volume,Sensitivity — VNB × DSO peak; ÜNB × TSO *new* GW-km (not recommended),2029,15.3839,7.1430,238.0988,246.3398,13.0954,18.2700,38.5084,607.0440,6.3436,63.4359,0.0634
65%,E_tso_new_volume,Sensitivity — VNB × DSO peak; ÜNB × TSO *new* GW-km (not recommended),2030,17.4351,7.3902,246.3398,256.3846,13.5487,18.8200,39.7589,626.3049,6.3482,63.4817,0.0635
65%,E_tso_new_volume,Sensitivity — VNB × DSO peak; ÜNB × TSO *new* GW-km (not recommended),2031,24.1547,7.6915,256.3846,272.8478,14.1012,19.3600,41.1527,647.2369,6.3582,63.5821,0.0636
65%,E_tso_new_volume,Sensitivity — VNB × DSO peak; ÜNB × TSO *new* GW-km (not recommended),2032,24.1547,8.1854,272.8478,288.8171,15.0066,19.9100,43.1021,668.1688,6.4508,64.5077,0.0645
65%,E_tso_new_volume,Sensitivity — VNB × DSO peak; ÜNB × TSO *new* GW-km (not recommended),2033,24.1547,8.6645,288.8171,304.3072,15.8849,20.4500,44.9994,689.1007,6.5302,65.3017,0.0653
65%,E_tso_new_volume,Sensitivity — VNB × DSO peak; ÜNB × TSO *new* GW-km (not recommended),2034,24.1547,9.1292,304.3072,319.3327,16.7369,21.0000,46.8661,710.0326,6.6006,66.0056,0.0660
65%,E_tso_new_volume,Sensitivity — VNB × DSO peak; ÜNB × TSO *new* GW-km (not recommended),2035,24.1547,9.5800,319.3327,333.9074,17.5633,21.5500,48.6933,730.9645,6.6615,66.6151,0.0666
65%,E_tso_new_volume,Sensitivity — VNB × DSO peak; ÜNB × TSO *new* GW-km (not recommended),2036,24.1547,10.0172,333.9074,348.0449,18.3649,22.0900,50.4721,751.8964,6.7126,67.1264,0.0671
65%,E_tso_new_volume,Sensitivity — VNB × DSO peak; ÜNB × TSO *new* GW-km (not recommended),2037,24.1547,10.4413,348.0449,361.7583,19.1425,22.6400,52.2238,772.8283,6.7575,67.5749,0.0676
65%,E_tso_new_volume,Sensitivity — VNB × DSO peak; ÜNB × TSO *new* GW-km (not recommended),2038,17.0504,10.8527,361.7583,367.9559,19.8967,23.1800,53.9295,793.7602,6.7942,67.9417,0.0679
65%,E_tso_new_volume,Sensitivity — VNB × DSO peak; ÜNB × TSO *new* GW-km (not recommended),2039,17.0504,11.0387,367.9559,373.9676,20.2376,23.7300,55.0062,814.6922,6.7518,67.5178,0.0675
65%,E_tso_new_volume,Sensitivity — VNB × DSO peak; ÜNB × TSO *new* GW-km (not recommended),2040,17.0504,11.2190,373.9676,379.7989,20.5682,24.2700,56.0572,835.6241,6.7084,67.0843,0.0671
50%,A_demand_scaled,Case A — Excel method: Inv × (end-use_s / end-use_Build),2023,15.0000,5.5800,186.0000,195.4200,9.3744,15.0000,29.9544,510.0000,5.8734,58.7341,0.0587
50%,A_demand_scaled,Case A — Excel method: Inv × (end-use_s / end-use_Build),2024,18.0000,5.8626,195.4200,207.5574,9.8492,15.5500,31.2618,520.0000,6.0119,60.1188,0.0601
50%,A_demand_scaled,Case A — Excel method: Inv × (end-use_s / end-use_Build),2025,18.0000,6.2267,207.5574,219.3307,10.4609,16.0900,32.7776,530.0000,6.1845,61.8446,0.0618
50%,A_demand_scaled,Case A — Excel method: Inv × (end-use_s / end-use_Build),2026,20.5733,6.5799,219.3307,233.3240,11.0543,16.6400,34.2742,540.3457,6.3430,63.4301,0.0634
50%,A_demand_scaled,Case A — Excel method: Inv × (end-use_s / end-use_Build),2027,20.5733,6.9997,233.3240,246.8976,11.7595,17.1800,35.9393,550.6915,6.5262,65.2620,0.0653
50%,A_demand_scaled,Case A — Excel method: Inv × (end-use_s / end-use_Build),2028,26.8347,7.4069,246.8976,266.3254,12.4436,17.7300,37.5806,561.0372,6.6984,66.9841,0.0670
50%,A_demand_scaled,Case A — Excel method: Inv × (end-use_s / end-use_Build),2029,26.8347,7.9898,266.3254,285.1703,14.6479,18.2700,40.9077,571.3830,7.1594,71.5941,0.0716
50%,A_demand_scaled,Case A — Excel method: Inv × (end-use_s / end-use_Build),2030,30.4127,8.5551,285.1703,307.0279,15.6844,18.8200,43.0595,581.7287,7.4020,74.0199,0.0740
50%,A_demand_scaled,Case A — Excel method: Inv × (end-use_s / end-use_Build),2031,28.1815,9.2108,307.0279,325.9986,16.8865,19.3600,45.4574,602.2776,7.5476,75.4758,0.0755
50%,A_demand_scaled,Case A — Excel method: Inv × (end-use_s / end-use_Build),2032,28.1815,9.7800,325.9986,344.4002,17.9299,19.9100,47.6199,622.8265,7.6458,76.4577,0.0765
50%,A_demand_scaled,Case A — Excel method: Inv × (end-use_s / end-use_Build),2033,28.1815,10.3320,344.4002,362.2497,18.9420,20.4500,49.7240,643.3754,7.7286,77.2862,0.0773
50%,A_demand_scaled,Case A — Excel method: Inv × (end-use_s / end-use_Build),2034,28.1815,10.8675,362.2497,379.5638,19.9237,21.0000,51.7912,663.9243,7.8008,78.0077,0.0780
50%,A_demand_scaled,Case A — Excel method: Inv × (end-use_s / end-use_Build),2035,28.1815,11.3869,379.5638,396.3584,20.8760,21.5500,53.8129,684.4732,7.8619,78.6195,0.0786
50%,A_demand_scaled,Case A — Excel method: Inv × (end-use_s / end-use_Build),2036,28.1815,11.8908,396.3584,412.6492,21.7997,22.0900,55.7805,705.0221,7.9119,79.1187,0.0791
50%,A_demand_scaled,Case A — Excel method: Inv × (end-use_s / end-use_Build),2037,28.1815,12.3795,412.6492,428.4513,22.6957,22.6400,57.7152,725.5710,7.9544,79.5445,0.0795
50%,A_demand_scaled,Case A — Excel method: Inv × (end-use_s / end-use_Build),2038,19.8929,12.8535,428.4513,435.4906,23.5648,23.1800,59.5984,746.1199,7.9878,79.8777,0.0799
50%,A_demand_scaled,Case A — Excel method: Inv × (end-use_s / end-use_Build),2039,19.8929,13.0647,435.4906,442.3187,23.9520,23.7300,60.7467,766.6688,7.9235,79.2346,0.0792
50%,A_demand_scaled,Case A — Excel method: Inv × (end-use_s / end-use_Build),2040,19.8929,13.2696,442.3187,448.9420,24.3275,24.2700,61.8671,787.2177,7.8590,78.5896,0.0786
50%,B_denominator_only,Case B — Excel B investment unchanged; PyPSA end-use denominator only,2023,15.0000,5.5800,186.0000,195.4200,9.3744,15.0000,29.9544,510.0000,5.8734,58.7341,0.0587
50%,B_denominator_only,Case B — Excel B investment unchanged; PyPSA end-use denominator only,2024,18.0000,5.8626,195.4200,207.5574,9.8492,15.5500,31.2618,520.0000,6.0119,60.1188,0.0601
50%,B_denominator_only,Case B — Excel B investment unchanged; PyPSA end-use denominator only,2025,18.0000,6.2267,207.5574,219.3307,10.4609,16.0900,32.7776,530.0000,6.1845,61.8446,0.0618
50%,B_denominator_only,Case B — Excel B investment unchanged; PyPSA end-use denominator only,2026,23.0000,6.5799,219.3307,235.7508,11.0543,16.6400,34.2742,540.3457,6.3430,63.4301,0.0634
50%,B_denominator_only,Case B — Excel B investment unchanged; PyPSA end-use denominator only,2027,23.0000,7.0725,235.7508,251.6782,11.8818,17.1800,36.1344,550.6915,6.5616,65.6163,0.0656
50%,B_denominator_only,Case B — Excel B investment unchanged; PyPSA end-use denominator only,2028,30.0000,7.5503,251.6782,274.1279,12.6846,17.7300,37.9649,561.0372,6.7669,67.6692,0.0677
50%,B_denominator_only,Case B — Excel B investment unchanged; PyPSA end-use denominator only,2029,30.0000,8.2238,274.1279,295.9041,15.0770,18.2700,41.5709,571.3830,7.2755,72.7548,0.0728
50%,B_denominator_only,Case B — Excel B investment unchanged; PyPSA end-use denominator only,2030,34.0000,8.8771,295.9041,321.0269,16.2747,18.8200,43.9718,581.7287,7.5588,75.5882,0.0756
50%,B_denominator_only,Case B — Excel B investment unchanged; PyPSA end-use denominator only,2031,34.0000,9.6308,321.0269,345.3961,17.6565,19.3600,46.6473,602.2776,7.7451,77.4515,0.0775
50%,B_denominator_only,Case B — Excel B investment unchanged; PyPSA end-use denominator only,2032,34.0000,10.3619,345.3961,369.0342,18.9968,19.9100,49.2687,622.8265,7.9105,79.1050,0.0791
50%,B_denominator_only,Case B — Excel B investment unchanged; PyPSA end-use denominator only,2033,34.0000,11.0710,369.0342,391.9632,20.2969,20.4500,51.8179,643.3754,8.0541,80.5407,0.0805
50%,B_denominator_only,Case B — Excel B investment unchanged; PyPSA end-use denominator only,2034,34.0000,11.7589,391.9632,414.2043,21.5580,21.0000,54.3169,663.9243,8.1812,81.8118,0.0818
50%,B_denominator_only,Case B — Excel B investment unchanged; PyPSA end-use denominator only,2035,34.0000,12.4261,414.2043,435.7782,22.7812,21.5500,56.7574,684.4732,8.2921,82.9212,0.0829
50%,B_denominator_only,Case B — Excel B investment unchanged; PyPSA end-use denominator only,2036,34.0000,13.0733,435.7782,456.7048,23.9678,22.0900,59.1311,705.0221,8.3871,83.8713,0.0839
50%,B_denominator_only,Case B — Excel B investment unchanged; PyPSA end-use denominator only,2037,34.0000,13.7011,456.7048,477.0037,25.1188,22.6400,61.4599,725.5710,8.4706,84.7056,0.0847
50%,B_denominator_only,Case B — Excel B investment unchanged; PyPSA end-use denominator only,2038,24.0000,14.3101,477.0037,486.6936,26.2352,23.1800,63.7253,746.1199,8.5409,85.4089,0.0854
50%,B_denominator_only,Case B — Excel B investment unchanged; PyPSA end-use denominator only,2039,24.0000,14.6008,486.6936,496.0928,26.7681,23.7300,65.0990,766.6688,8.4911,84.9114,0.0849
50%,B_denominator_only,Case B — Excel B investment unchanged; PyPSA end-use denominator only,2040,24.0000,14.8828,496.0928,505.2100,27.2851,24.2700,66.4379,787.2177,8.4396,84.3958,0.0844
50%,C_dso_capacity_all_inv,Case C — all Inv_base × (German DSO stock_s / stock_Build),2023,15.0000,5.5800,186.0000,195.4200,9.3744,15.0000,29.9544,510.0000,5.8734,58.7341,0.0587
50%,C_dso_capacity_all_inv,Case C — all Inv_base × (German DSO stock_s / stock_Build),2024,18.0000,5.8626,195.4200,207.5574,9.8492,15.5500,31.2618,520.0000,6.0119,60.1188,0.0601
50%,C_dso_capacity_all_inv,Case C — all Inv_base × (German DSO stock_s / stock_Build),2025,18.0000,6.2267,207.5574,219.3307,10.4609,16.0900,32.7776,530.0000,6.1845,61.8446,0.0618
50%,C_dso_capacity_all_inv,Case C — all Inv_base × (German DSO stock_s / stock_Build),2026,13.7617,6.5799,219.3307,226.5124,11.0543,16.6400,34.2742,540.3457,6.3430,63.4301,0.0634
50%,C_dso_capacity_all_inv,Case C — all Inv_base × (German DSO stock_s / stock_Build),2027,13.7617,6.7954,226.5124,233.4787,11.4162,17.1800,35.3916,550.6915,6.4268,64.2676,0.0643
50%,C_dso_capacity_all_inv,Case C — all Inv_base × (German DSO stock_s / stock_Build),2028,17.9500,7.0044,233.4787,244.4243,11.7673,17.7300,36.5017,561.0372,6.5061,65.0611,0.0651
50%,C_dso_capacity_all_inv,Case C — all Inv_base × (German DSO stock_s / stock_Build),2029,17.9500,7.3327,244.4243,255.0416,13.4433,18.2700,39.0461,571.3830,6.8336,68.3361,0.0683
50%,C_dso_capacity_all_inv,Case C — all Inv_base × (German DSO stock_s / stock_Build),2030,20.3433,7.6512,255.0416,267.7337,14.0273,18.8200,40.4985,581.7287,6.9618,69.6176,0.0696
50%,C_dso_capacity_all_inv,Case C — all Inv_base × (German DSO stock_s / stock_Build),2031,17.9044,8.0320,267.7337,277.6061,14.7254,19.3600,42.1174,602.2776,6.9930,69.9301,0.0699
50%,C_dso_capacity_all_inv,Case C — all Inv_base × (German DSO stock_s / stock_Build),2032,17.9044,8.3282,277.6061,287.1824,15.2683,19.9100,43.5065,622.8265,6.9853,69.8534,0.0699
50%,C_dso_capacity_all_inv,Case C — all Inv_base × (German DSO stock_s / stock_Build),2033,17.9044,8.6155,287.1824,296.4714,15.7950,20.4500,44.8605,643.3754,6.9727,69.7268,0.0697
50%,C_dso_capacity_all_inv,Case C — all Inv_base × (German DSO stock_s / stock_Build),2034,17.9044,8.8941,296.4714,305.4817,16.3059,21.0000,46.2001,663.9243,6.9586,69.5863,0.0696
50%,C_dso_capacity_all_inv,Case C — all Inv_base × (German DSO stock_s / stock_Build),2035,17.9044,9.1644,305.4817,314.2216,16.8015,21.5500,47.5159,684.4732,6.9420,69.4197,0.0694
50%,C_dso_capacity_all_inv,Case C — all Inv_base × (German DSO stock_s / stock_Build),2036,17.9044,9.4266,314.2216,322.6994,17.2822,22.0900,48.7988,705.0221,6.9216,69.2160,0.0692
50%,C_dso_capacity_all_inv,Case C — all Inv_base × (German DSO stock_s / stock_Build),2037,17.9044,9.6810,322.6994,330.9229,17.7485,22.6400,50.0695,725.5710,6.9007,69.0070,0.0690
50%,C_dso_capacity_all_inv,Case C — all Inv_base × (German DSO stock_s / stock_Build),2038,12.6384,9.9277,330.9229,333.6336,18.2008,23.1800,51.3084,746.1199,6.8767,68.7670,0.0688
50%,C_dso_capacity_all_inv,Case C — all Inv_base × (German DSO stock_s / stock_Build),2039,12.6384,10.0090,333.6336,336.2631,18.3499,23.7300,52.0889,766.6688,6.7942,67.9418,0.0679
50%,C_dso_capacity_all_inv,Case C — all Inv_base × (German DSO stock_s / stock_Build),2040,12.6384,10.0879,336.2631,338.8136,18.4945,24.2700,52.8524,787.2177,6.7138,67.1382,0.0671
50%,D_peak_flow_all_inv,Case D — all Inv_base × (German peak HV→LV_s / peak_Build),2023,15.0000,5.5800,186.0000,195.4200,9.3744,15.0000,29.9544,510.0000,5.8734,58.7341,0.0587
50%,D_peak_flow_all_inv,Case D — all Inv_base × (German peak HV→LV_s / peak_Build),2024,18.0000,5.8626,195.4200,207.5574,9.8492,15.5500,31.2618,520.0000,6.0119,60.1188,0.0601
50%,D_peak_flow_all_inv,Case D — all Inv_base × (German peak HV→LV_s / peak_Build),2025,18.0000,6.2267,207.5574,219.3307,10.4609,16.0900,32.7776,530.0000,6.1845,61.8446,0.0618
50%,D_peak_flow_all_inv,Case D — all Inv_base × (German peak HV→LV_s / peak_Build),2026,13.7617,6.5799,219.3307,226.5124,11.0543,16.6400,34.2742,540.3457,6.3430,63.4301,0.0634
50%,D_peak_flow_all_inv,Case D — all Inv_base × (German peak HV→LV_s / peak_Build),2027,13.7617,6.7954,226.5124,233.4787,11.4162,17.1800,35.3916,550.6915,6.4268,64.2676,0.0643
50%,D_peak_flow_all_inv,Case D — all Inv_base × (German peak HV→LV_s / peak_Build),2028,17.9500,7.0044,233.4787,244.4244,11.7673,17.7300,36.5017,561.0372,6.5061,65.0611,0.0651
50%,D_peak_flow_all_inv,Case D — all Inv_base × (German peak HV→LV_s / peak_Build),2029,17.9500,7.3327,244.4244,255.0417,13.4433,18.2700,39.0461,571.3830,6.8336,68.3361,0.0683
50%,D_peak_flow_all_inv,Case D — all Inv_base × (German peak HV→LV_s / peak_Build),2030,20.3434,7.6513,255.0417,267.7338,14.0273,18.8200,40.4985,581.7287,6.9618,69.6176,0.0696
50%,D_peak_flow_all_inv,Case D — all Inv_base × (German peak HV→LV_s / peak_Build),2031,17.9044,8.0320,267.7338,277.6062,14.7254,19.3600,42.1174,602.2776,6.9930,69.9302,0.0699
50%,D_peak_flow_all_inv,Case D — all Inv_base × (German peak HV→LV_s / peak_Build),2032,17.9044,8.3282,277.6062,287.1825,15.2683,19.9100,43.5065,622.8265,6.9853,69.8534,0.0699
50%,D_peak_flow_all_inv,Case D — all Inv_base × (German peak HV→LV_s / peak_Build),2033,17.9044,8.6155,287.1825,296.4714,15.7950,20.4500,44.8605,643.3754,6.9727,69.7268,0.0697
50%,D_peak_flow_all_inv,Case D — all Inv_base × (German peak HV→LV_s / peak_Build),2034,17.9044,8.8941,296.4714,305.4817,16.3059,21.0000,46.2001,663.9243,6.9586,69.5864,0.0696
50%,D_peak_flow_all_inv,Case D — all Inv_base × (German peak HV→LV_s / peak_Build),2035,17.9044,9.1645,305.4817,314.2217,16.8015,21.5500,47.5159,684.4732,6.9420,69.4197,0.0694
50%,D_peak_flow_all_inv,Case D — all Inv_base × (German peak HV→LV_s / peak_Build),2036,17.9044,9.4267,314.2217,322.6995,17.2822,22.0900,48.7988,705.0221,6.9216,69.2161,0.0692
50%,D_peak_flow_all_inv,Case D — all Inv_base × (German peak HV→LV_s / peak_Build),2037,17.9044,9.6810,322.6995,330.9230,17.7485,22.6400,50.0695,725.5710,6.9007,69.0070,0.0690
50%,D_peak_flow_all_inv,Case D — all Inv_base × (German peak HV→LV_s / peak_Build),2038,12.6384,9.9277,330.9230,333.6337,18.2008,23.1800,51.3085,746.1199,6.8767,68.7670,0.0688
50%,D_peak_flow_all_inv,Case D — all Inv_base × (German peak HV→LV_s / peak_Build),2039,12.6384,10.0090,333.6337,336.2631,18.3499,23.7300,52.0889,766.6688,6.7942,67.9418,0.0679
50%,D_peak_flow_all_inv,Case D — all Inv_base × (German peak HV→LV_s / peak_Build),2040,12.6384,10.0879,336.2631,338.8137,18.4945,24.2700,52.8524,787.2177,6.7138,67.1382,0.0671
50%,E_tso_dso_split,Case E — VNB share × DSO peak; ÜNB share × TSO stock GW-km (recommended),2023,15.0000,5.5800,186.0000,195.4200,9.3744,15.0000,29.9544,510.0000,5.8734,58.7341,0.0587
50%,E_tso_dso_split,Case E — VNB share × DSO peak; ÜNB share × TSO stock GW-km (recommended),2024,18.0000,5.8626,195.4200,207.5574,9.8492,15.5500,31.2618,520.0000,6.0119,60.1188,0.0601
50%,E_tso_dso_split,Case E — VNB share × DSO peak; ÜNB share × TSO stock GW-km (recommended),2025,18.0000,6.2267,207.5574,219.3307,10.4609,16.0900,32.7776,530.0000,6.1845,61.8446,0.0618
50%,E_tso_dso_split,Case E — VNB share × DSO peak; ÜNB share × TSO stock GW-km (recommended),2026,17.4814,6.5799,219.3307,230.2321,11.0543,16.6400,34.2742,540.3457,6.3430,63.4301,0.0634
50%,E_tso_dso_split,Case E — VNB share × DSO peak; ÜNB share × TSO stock GW-km (recommended),2027,17.4814,6.9070,230.2321,240.8065,11.6037,17.1800,35.6907,550.6915,6.4811,64.8106,0.0648
50%,E_tso_dso_split,Case E — VNB share × DSO peak; ÜNB share × TSO stock GW-km (recommended),2028,22.8018,7.2242,240.8065,256.3841,12.1366,17.7300,37.0908,561.0372,6.6111,66.1112,0.0661
50%,E_tso_dso_split,Case E — VNB share × DSO peak; ÜNB share × TSO stock GW-km (recommended),2029,22.8018,7.6915,256.3841,271.4944,14.1011,18.2700,40.0627,571.3830,7.0115,70.1152,0.0701
50%,E_tso_dso_split,Case E — VNB share × DSO peak; ÜNB share × TSO stock GW-km (recommended),2030,25.8420,8.1448,271.4944,289.1916,14.9322,18.8200,41.8970,581.7287,7.2022,72.0216,0.0720
50%,E_tso_dso_split,Case E — VNB share × DSO peak; ÜNB share × TSO stock GW-km (recommended),2031,22.9792,8.6757,289.1916,303.4951,15.9055,19.3600,43.9413,602.2776,7.2959,72.9585,0.0730
50%,E_tso_dso_split,Case E — VNB share × DSO peak; ÜNB share × TSO stock GW-km (recommended),2032,22.9792,9.1049,303.4951,317.3694,16.6922,19.9100,45.7071,622.8265,7.3387,73.3865,0.0734
50%,E_tso_dso_split,Case E — VNB share × DSO peak; ÜNB share × TSO stock GW-km (recommended),2033,22.9792,9.5211,317.3694,330.8276,17.4553,20.4500,47.4264,643.3754,7.3715,73.7150,0.0737
50%,E_tso_dso_split,Case E — VNB share × DSO peak; ÜNB share × TSO stock GW-km (recommended),2034,22.9792,9.9248,330.8276,343.8820,18.1955,21.0000,49.1203,663.9243,7.3985,73.9849,0.0740
50%,E_tso_dso_split,Case E — VNB share × DSO peak; ÜNB share × TSO stock GW-km (recommended),2035,22.9792,10.3165,343.8820,356.5447,18.9135,21.5500,50.7800,684.4732,7.4188,74.1884,0.0742
50%,E_tso_dso_split,Case E — VNB share × DSO peak; ÜNB share × TSO stock GW-km (recommended),2036,22.9792,10.6963,356.5447,368.8276,19.6100,22.0900,52.3963,705.0221,7.4319,74.3187,0.0743
50%,E_tso_dso_split,Case E — VNB share × DSO peak; ÜNB share × TSO stock GW-km (recommended),2037,22.9792,11.0648,368.8276,380.7420,20.2855,22.6400,53.9903,725.5710,7.4411,74.4108,0.0744
50%,E_tso_dso_split,Case E — VNB share × DSO peak; ÜNB share × TSO stock GW-km (recommended),2038,16.2206,11.4223,380.7420,385.5404,20.9408,23.1800,55.5431,746.1199,7.4443,74.4426,0.0744
50%,E_tso_dso_split,Case E — VNB share × DSO peak; ÜNB share × TSO stock GW-km (recommended),2039,16.2206,11.5662,385.5404,390.1948,21.2047,23.7300,56.5009,766.6688,7.3697,73.6967,0.0737
50%,E_tso_dso_split,Case E — VNB share × DSO peak; ÜNB share × TSO stock GW-km (recommended),2040,16.2206,11.7058,390.1948,394.7096,21.4607,24.2700,57.4366,787.2177,7.2961,72.9615,0.0730
50%,E_dso_only_tso_nep,Sensitivity — VNB share × DSO peak; ÜNB share left at Excel B (NEP TSO continues),2023,15.0000,5.5800,186.0000,195.4200,9.3744,15.0000,29.9544,510.0000,5.8734,58.7341,0.0587
50%,E_dso_only_tso_nep,Sensitivity — VNB share × DSO peak; ÜNB share left at Excel B (NEP TSO continues),2024,18.0000,5.8626,195.4200,207.5574,9.8492,15.5500,31.2618,520.0000,6.0119,60.1188,0.0601
50%,E_dso_only_tso_nep,Sensitivity — VNB share × DSO peak; ÜNB share left at Excel B (NEP TSO continues),2025,18.0000,6.2267,207.5574,219.3307,10.4609,16.0900,32.7776,530.0000,6.1845,61.8446,0.0618
50%,E_dso_only_tso_nep,Sensitivity — VNB share × DSO peak; ÜNB share left at Excel B (NEP TSO continues),2026,19.1102,6.5799,219.3307,231.8609,11.0543,16.6400,34.2742,540.3457,6.3430,63.4301,0.0634
50%,E_dso_only_tso_nep,Sensitivity — VNB share × DSO peak; ÜNB share left at Excel B (NEP TSO continues),2027,19.1102,6.9558,231.8609,244.0153,11.6858,17.1800,35.8216,550.6915,6.5048,65.0484,0.0650
50%,E_dso_only_tso_nep,Sensitivity — VNB share × DSO peak; ÜNB share left at Excel B (NEP TSO continues),2028,24.9263,7.3205,244.0153,261.6212,12.2984,17.7300,37.3488,561.0372,6.6571,66.5710,0.0666
50%,E_dso_only_tso_nep,Sensitivity — VNB share × DSO peak; ÜNB share left at Excel B (NEP TSO continues),2029,24.9263,7.8486,261.6212,278.6988,14.3892,18.2700,40.5078,571.3830,7.0894,70.8943,0.0709
50%,E_dso_only_tso_nep,Sensitivity — VNB share × DSO peak; ÜNB share left at Excel B (NEP TSO continues),2030,28.2498,8.3610,278.6988,298.5877,15.3284,18.8200,42.5094,581.7287,7.3074,73.0743,0.0731
50%,E_dso_only_tso_nep,Sensitivity — VNB share × DSO peak; ÜNB share left at Excel B (NEP TSO continues),2031,27.2229,8.9576,298.5877,316.8530,16.4223,19.3600,44.7400,602.2776,7.4285,74.2846,0.0743
50%,E_dso_only_tso_nep,Sensitivity — VNB share × DSO peak; ÜNB share left at Excel B (NEP TSO continues),2032,27.2229,9.5056,316.8530,334.5703,17.4269,19.9100,46.8425,622.8265,7.5210,75.2096,0.0752
50%,E_dso_only_tso_nep,Sensitivity — VNB share × DSO peak; ÜNB share left at Excel B (NEP TSO continues),2033,27.2229,10.0371,334.5703,351.7561,18.4014,20.4500,48.8885,643.3754,7.5987,75.9875,0.0760
50%,E_dso_only_tso_nep,Sensitivity — VNB share × DSO peak; ÜNB share left at Excel B (NEP TSO continues),2034,27.2229,10.5527,351.7561,368.4264,19.3466,21.0000,50.8993,663.9243,7.6664,76.6643,0.0767
50%,E_dso_only_tso_nep,Sensitivity — VNB share × DSO peak; ÜNB share left at Excel B (NEP TSO continues),2035,27.2229,11.0528,368.4264,384.5965,20.2635,21.5500,52.8662,684.4732,7.7236,77.2364,0.0772
50%,E_dso_only_tso_nep,Sensitivity — VNB share × DSO peak; ÜNB share left at Excel B (NEP TSO continues),2036,27.2229,11.5379,384.5965,400.2815,21.1528,22.0900,54.7807,705.0221,7.7701,77.7007,0.0777
50%,E_dso_only_tso_nep,Sensitivity — VNB share × DSO peak; ÜNB share left at Excel B (NEP TSO continues),2037,27.2229,12.0084,400.2815,415.4960,22.0155,22.6400,56.6639,725.5710,7.8096,78.0956,0.0781
50%,E_dso_only_tso_nep,Sensitivity — VNB share × DSO peak; ÜNB share left at Excel B (NEP TSO continues),2038,19.2162,12.4649,415.4960,422.2473,22.8523,23.1800,58.4972,746.1199,7.8402,78.4018,0.0784
50%,E_dso_only_tso_nep,Sensitivity — VNB share × DSO peak; ÜNB share left at Excel B (NEP TSO continues),2039,19.2162,12.6674,422.2473,428.7961,23.2236,23.7300,59.6210,766.6688,7.7766,77.7663,0.0778
50%,E_dso_only_tso_nep,Sensitivity — VNB share × DSO peak; ÜNB share left at Excel B (NEP TSO continues),2040,19.2162,12.8639,428.7961,435.1484,23.5838,24.2700,60.7177,787.2177,7.7129,77.1295,0.0771
50%,E_tso_new_volume,Sensitivity — VNB × DSO peak; ÜNB × TSO *new* GW-km (not recommended),2023,15.0000,5.5800,186.0000,195.4200,9.3744,15.0000,29.9544,510.0000,5.8734,58.7341,0.0587
50%,E_tso_new_volume,Sensitivity — VNB × DSO peak; ÜNB × TSO *new* GW-km (not recommended),2024,18.0000,5.8626,195.4200,207.5574,9.8492,15.5500,31.2618,520.0000,6.0119,60.1188,0.0601
50%,E_tso_new_volume,Sensitivity — VNB × DSO peak; ÜNB × TSO *new* GW-km (not recommended),2025,18.0000,6.2267,207.5574,219.3307,10.4609,16.0900,32.7776,530.0000,6.1845,61.8446,0.0618
50%,E_tso_new_volume,Sensitivity — VNB × DSO peak; ÜNB × TSO *new* GW-km (not recommended),2026,6.7275,6.5799,219.3307,219.4782,11.0543,16.6400,34.2742,540.3457,6.3430,63.4301,0.0634
50%,E_tso_new_volume,Sensitivity — VNB × DSO peak; ÜNB × TSO *new* GW-km (not recommended),2027,6.7275,6.5843,219.4782,219.6213,11.0617,17.1800,34.8260,550.6915,6.3241,63.2406,0.0632
50%,E_tso_new_volume,Sensitivity — VNB × DSO peak; ÜNB × TSO *new* GW-km (not recommended),2028,8.7750,6.5886,219.6213,221.8076,11.0689,17.7300,35.3876,561.0372,6.3075,63.0752,0.0631
50%,E_tso_new_volume,Sensitivity — VNB × DSO peak; ÜNB × TSO *new* GW-km (not recommended),2029,8.7750,6.6542,221.8076,223.9284,12.1994,18.2700,37.1237,571.3830,6.4972,64.9716,0.0650
50%,E_tso_new_volume,Sensitivity — VNB × DSO peak; ÜNB × TSO *new* GW-km (not recommended),2030,9.9449,6.7179,223.9284,227.1555,12.3161,18.8200,37.8539,581.7287,6.5071,65.0714,0.0651
50%,E_tso_new_volume,Sensitivity — VNB × DSO peak; ÜNB × TSO *new* GW-km (not recommended),2031,16.5504,6.8147,227.1555,236.8912,12.4936,19.3600,38.6682,602.2776,6.4203,64.2033,0.0642
50%,E_tso_new_volume,Sensitivity — VNB × DSO peak; ÜNB × TSO *new* GW-km (not recommended),2032,16.5504,7.1067,236.8912,246.3349,13.0290,19.9100,40.0458,622.8265,6.4297,64.2968,0.0643
50%,E_tso_new_volume,Sensitivity — VNB × DSO peak; ÜNB × TSO *new* GW-km (not recommended),2033,16.5504,7.3900,246.3349,255.4953,13.5484,20.4500,41.3885,643.3754,6.4330,64.3302,0.0643
50%,E_tso_new_volume,Sensitivity — VNB × DSO peak; ÜNB × TSO *new* GW-km (not recommended),2034,16.5504,7.6649,255.4953,264.3808,14.0522,21.0000,42.7171,663.9243,6.4340,64.3403,0.0643
50%,E_tso_new_volume,Sensitivity — VNB × DSO peak; ÜNB × TSO *new* GW-km (not recommended),2035,16.5504,7.9314,264.3808,272.9998,14.5409,21.5500,44.0224,684.4732,6.4316,64.3157,0.0643
50%,E_tso_new_volume,Sensitivity — VNB × DSO peak; ÜNB × TSO *new* GW-km (not recommended),2036,16.5504,8.1900,272.9998,281.3602,15.0150,22.0900,45.2950,705.0221,6.4246,64.2462,0.0642
50%,E_tso_new_volume,Sensitivity — VNB × DSO peak; ÜNB × TSO *new* GW-km (not recommended),2037,16.5504,8.4408,281.3602,289.4698,15.4748,22.6400,46.5556,725.5710,6.4164,64.1641,0.0642
50%,E_tso_new_volume,Sensitivity — VNB × DSO peak; ÜNB × TSO *new* GW-km (not recommended),2038,11.6826,8.6841,289.4698,292.4684,15.9208,23.1800,47.7849,746.1199,6.4045,64.0446,0.0640
50%,E_tso_new_volume,Sensitivity — VNB × DSO peak; ÜNB × TSO *new* GW-km (not recommended),2039,11.6826,8.7741,292.4684,295.3770,16.0858,23.7300,48.5898,766.6688,6.3378,63.3778,0.0634
50%,E_tso_new_volume,Sensitivity — VNB × DSO peak; ÜNB × TSO *new* GW-km (not recommended),2040,11.6826,8.8613,295.3770,298.1983,16.2457,24.2700,49.3770,787.2177,6.2723,62.7235,0.0627
